GraphName;TotalNodes;TotalEdges;OrderingType;K;CompleteHeuristicName;HeuristicName;NormalizedLoad;CuttedEdges;MaxCuttedEdgesRatio;MinCuttedEdgesRatio;CuttedEdgesRatio;MaxTime;MinTime;AvgTime;MaxIOTime;MinIOTime;AvgIOTime;MaxPartitioningTime;MinPartitioningTime;AvgPartitioningTime;IterationTime
delaunay_n12.graph;4096;12264;.bfs;2;Hashing;H;1.0;6984.75;0.5709393346379648;0.5664546640574037;0.5695327788649707;28;22;24.75;8;4;5.75;22;22;19.0;4
delaunay_n12.graph;4096;12264;.bfs;2;Unweighted_Deterministic_Greedy_Parallel;UDG;100.048.828.125;498.5;0.04174820613176777;0.03897586431833007;0.040647423352902806;57;36;49.0;8;3;5.0;53;53;44.0;4
delaunay_n12.graph;4096;12264;.bfs;2;Linear_Deterministic_Greedy_Parallel;LDG;1.0;498.5;0.04174820613176777;0.03905740378343118;0.040647423352902806;74;57;63.75;14;5;9.25;69;69;54.5;4
delaunay_n12.graph;4096;12264;.bfs;2;Exponentially_Deterministic_Greedy_Parallel;EDG;1.0;498.5;0.04174820613176777;0.03905740378343118;0.040647423352902806;60;39;46.75;15;3;7.25;45;45;39.5;4
delaunay_n12.graph;4096;12264;.bfs;2;Unweighted_Randomized_Greedy_Parallel;URG;100.048.828.125;498.5;0.04174820613176777;0.03897586431833007;0.040647423352902806;77;59;68.5;7;3;4.75;72;72;63.75;4
delaunay_n12.graph;4096;12264;.bfs;2;Linear_Randomized_Greedy_Parallel;LRG;1.0;498.5;0.04174820613176777;0.03905740378343118;0.040647423352902806;100;85;92.5;6;2;4.75;94;94;87.75;4
delaunay_n12.graph;4096;12264;.bfs;2;Exponentially_Randomized_Greedy_Parallel;ERG;1.0;498.5;0.04174820613176777;0.03905740378343118;0.040647423352902806;73;70;71.75;6;3;4.75;68;68;67.0;4
delaunay_n12.graph;4096;12264;.bfs;2;Unweighted_Triangles_Parallel;UT;10.003.662.109.375;1596.25;0.13812785388127855;0.1268754076973255;0.13015737116764514;63;47;54.75;8;3;5.25;60;60;49.5;4
delaunay_n12.graph;4096;12264;.bfs;2;Linear_Triangles_Parallel;LT;1.0;1596.25;0.1379647749510763;0.1268754076973255;0.13015737116764514;53;45;47.5;7;3;5.25;47;47;42.25;4
delaunay_n12.graph;4096;12264;.bfs;2;Exponentially_Triangles_Parallel;ET;1.0;1596.75;0.1379647749510763;0.1268754076973255;0.13019814090019569;90;50;64.5;8;4;6.0;86;86;58.5;4
delaunay_n12.graph;4096;12264;.bfs;2;Balance_Big_Parallel;BB;1.0;622.75;0.06245923026744944;0.02984344422700587;0.050778701891715586;205;201;203.25;7;3;5.25;201;201;198.0;4
delaunay_n12.graph;4096;12264;.bfs;2;Unweighted_Dispersion_Based_Parallel;UDB;100.048.828.125;498.5;0.04174820613176777;0.03897586431833007;0.040647423352902806;92;76;81.0;6;3;4.5;86;86;76.5;4
delaunay_n12.graph;4096;12264;.bfs;2;Linear_Dispersion_Based_Parallel;LDB;100.048.828.125;498.5;0.04174820613176777;0.03897586431833007;0.040647423352902806;82;78;79.75;5;3;3.75;79;79;76.0;4
delaunay_n12.graph;4096;12264;.bfs;2;Exponentially_Dispersion_Based_Parallel;EDB;100.048.828.125;498.5;0.04174820613176777;0.03897586431833007;0.040647423352902806;121;81;102.25;7;4;5.25;114;114;97.0;4
delaunay_n12.graph;4096;12264;.bfs;2;Balance_Big_Dispersion_Based_Parallel;BBDB;100.048.828.125;696.5;0.06082844096542726;0.051451402478799736;0.056792237442922375;267;238;249.0;8;6;7.25;260;260;241.75;4
delaunay_n12.graph;4096;12264;.bfs;2;Unweighted_Dispersion_Predict;UD;1.0;498.5;0.04174820613176777;0.03905740378343118;0.040647423352902806;1246;1205;1226.25;9;6;7.5;1238;1238;1218.75;4
delaunay_n12.graph;4096;12264;.bfs;2;Linear_Dispersion_Predict;LD;1.0;498.5;0.04174820613176777;0.03905740378343118;0.040647423352902806;1209;1194;1198.25;9;4;6.5;1200;1200;1191.75;4
delaunay_n12.graph;4096;12264;.bfs;2;Exponentially_Dispersion_Predict;ED;1.0;498.5;0.04174820613176777;0.03905740378343118;0.040647423352902806;1242;1209;1223.25;8;3;5.5;1237;1237;1217.75;4
delaunay_n12.graph;4096;12264;.bfs;2;Unweighted_Index_With_Dispersion;UIWD;1.0;498.5;0.04174820613176777;0.03905740378343118;0.040647423352902806;94;84;88.75;6;4;5.25;88;88;83.5;4
delaunay_n12.graph;4096;12264;.bfs;2;Linear_Index_With_Dispersion;LIWD;1.0;498.5;0.04174820613176777;0.03905740378343118;0.040647423352902806;96;73;81.75;5;3;3.75;93;93;78.0;4
delaunay_n12.graph;4096;12264;.bfs;2;Exponentially_Index_With_Dispersion;EIWD;1.0;498.5;0.04174820613176777;0.03905740378343118;0.040647423352902806;73;72;72.25;5;3;4.5;70;70;67.75;4
delaunay_n12.graph;4096;12264;.bfs;2;STC;S;1.0;498.5;0.04174820613176777;0.03905740378343118;0.040647423352902806;50;36;40.25;6;3;4.75;44;44;35.5;4
delaunay_n12.graph;4096;12264;.bfs;2;Linear_STC;LS;1.0;498.5;0.04174820613176777;0.03905740378343118;0.040647423352902806;42;35;37.25;6;4;5.0;37;37;32.25;4
delaunay_n12.graph;4096;12264;.bfs;2;Exponentially_STC;ES;1.0;498.5;0.04174820613176777;0.03905740378343118;0.040647423352902806;45;37;39.5;6;3;4.5;41;41;35.0;4
delaunay_n12.graph;4096;12264;.bfs;4;Hashing;H;1.0;9937.25;0.8149054142204827;0.8068330071754729;0.8102780495759948;15;14;14.25;4;3;3.5;11;11;10.75;4
delaunay_n12.graph;4096;12264;.bfs;4;Unweighted_Deterministic_Greedy_Parallel;UDG;10.009.765.625;1242.0;0.11244292237442922;0.09205805609915199;0.1012720156555773;77;72;75.0;5;3;4.25;73;73;70.75;4
delaunay_n12.graph;4096;12264;.bfs;4;Linear_Deterministic_Greedy_Parallel;LDG;1.0;1197.0;0.10322896281800391;0.09336268754076973;0.0976027397260274;88;78;81.75;8;4;6.0;80;80;75.75;4
delaunay_n12.graph;4096;12264;.bfs;4;Exponentially_Deterministic_Greedy_Parallel;EDG;1.0;1217.75;0.10477821265492498;0.09417808219178082;0.09929468362687541;101;80;85.75;6;3;4.0;95;95;81.75;4
delaunay_n12.graph;4096;12264;.bfs;4;Unweighted_Randomized_Greedy_Parallel;URG;10.009.765.625;1285.75;0.10869210697977821;0.09882583170254403;0.10483936725375081;122;96;108.5;14;4;7.25;117;117;101.25;4
delaunay_n12.graph;4096;12264;.bfs;4;Linear_Randomized_Greedy_Parallel;LRG;1.0;1470.5;0.1314416177429876;0.10909980430528375;0.11990378343118069;186;132;146.75;6;2;4.0;181;181;142.75;4
delaunay_n12.graph;4096;12264;.bfs;4;Exponentially_Randomized_Greedy_Parallel;ERG;1.0;1470.5;0.1314416177429876;0.10909980430528375;0.11990378343118069;173;140;155.75;8;6;6.5;165;165;149.25;4
delaunay_n12.graph;4096;12264;.bfs;4;Unweighted_Triangles_Parallel;UT;1.000.732.421.875;3187.25;0.26687866927592957;0.2520384866275277;0.2598866601435095;95;83;86.75;12;5;7.75;83;83;79.0;4
delaunay_n12.graph;4096;12264;.bfs;4;Linear_Triangles_Parallel;LT;1.0;3184.5;0.26687866927592957;0.25130463144161774;0.2596624266144814;105;84;91.25;5;4;4.25;101;101;87.0;4
delaunay_n12.graph;4096;12264;.bfs;4;Exponentially_Triangles_Parallel;ET;1.0;3191.75;0.2674494455316373;0.2526092628832355;0.26025358773646445;88;82;84.0;5;4;4.5;83;83;79.5;4
delaunay_n12.graph;4096;12264;.bfs;4;Balance_Big_Parallel;BB;1.0;1236.5;0.1168460534898891;0.0747716894977169;0.1008235485975212;205;202;204.0;6;3;4.25;201;201;199.75;4
delaunay_n12.graph;4096;12264;.bfs;4;Unweighted_Dispersion_Based_Parallel;UDB;10.009.765.625;1259.5;0.10844748858447488;0.09637964774951076;0.1026989562948467;84;71;77.25;4;3;3.25;81;81;74.0;4
delaunay_n12.graph;4096;12264;.bfs;4;Linear_Dispersion_Based_Parallel;LDB;10.009.765.625;1201.75;0.10649054142204827;0.08863339856490542;0.09799005218525766;90;68;81.5;6;3;5.0;87;87;76.5;4
delaunay_n12.graph;4096;12264;.bfs;4;Exponentially_Dispersion_Based_Parallel;EDB;10.009.765.625;1251.25;0.10942596216568819;0.09336268754076973;0.10202625570776255;97;79;87.5;6;3;4.25;93;93;83.25;4
delaunay_n12.graph;4096;12264;.bfs;4;Balance_Big_Dispersion_Based_Parallel;BBDB;10.009.765.625;1287.75;0.12614155251141554;0.0912426614481409;0.10500244618395303;238;212;221.5;7;4;5.5;234;234;216.0;4
delaunay_n12.graph;4096;12264;.bfs;4;Unweighted_Dispersion_Predict;UD;1.0;1127.25;0.1022504892367906;0.0821102413568167;0.09191536203522505;7172;6436;6829.5;9;5;6.75;7165;7165;6822.75;4
delaunay_n12.graph;4096;12264;.bfs;4;Linear_Dispersion_Predict;LD;1.0;1248.0;0.10445205479452055;0.09792889758643183;0.10176125244618395;4403;4359;4380.5;10;5;7.5;4394;4394;4373.0;4
delaunay_n12.graph;4096;12264;.bfs;4;Exponentially_Dispersion_Predict;ED;1.0;1131.5;0.10706131767775603;0.08683953033268102;0.09226190476190477;6943;6822;6860.5;7;5;5.75;6936;6936;6854.75;4
delaunay_n12.graph;4096;12264;.bfs;4;Unweighted_Index_With_Dispersion;UIWD;1.0;1221.25;0.10787671232876712;0.09425962165688193;0.09958007175472929;103;85;95.75;15;5;7.5;98;98;88.25;4
delaunay_n12.graph;4096;12264;.bfs;4;Linear_Index_With_Dispersion;LIWD;1.0;1221.25;0.10551206784083496;0.09295499021526418;0.09958007175472929;91;81;88.25;6;3;4.5;87;87;83.75;4
delaunay_n12.graph;4096;12264;.bfs;4;Exponentially_Index_With_Dispersion;EIWD;1.0;1254.75;0.11236138290932811;0.09425962165688193;0.10231164383561643;88;76;82.75;5;4;4.25;84;84;78.5;4
delaunay_n12.graph;4096;12264;.bfs;4;STC;S;1.0;1218.75;0.10461513372472277;0.09458577951728636;0.09937622309197652;64;46;52.25;5;4;4.5;59;59;47.75;4
delaunay_n12.graph;4096;12264;.bfs;4;Linear_STC;LS;1.0;1189.75;0.10249510763209393;0.09279191128506196;0.09701157860404436;68;48;57.5;6;4;5.25;62;62;52.25;4
delaunay_n12.graph;4096;12264;.bfs;4;Exponentially_STC;ES;1.0;1218.75;0.10461513372472277;0.09458577951728636;0.09937622309197652;57;53;55.25;5;3;4.0;53;53;51.25;4
delaunay_n12.graph;4096;12264;.bfs;8;Hashing;H;1.0;11228.25;0.917726679712981;0.9127527723418134;0.9155454990215264;21;15;18.5;5;3;3.5;18;18;15.0;4
delaunay_n12.graph;4096;12264;.bfs;8;Unweighted_Deterministic_Greedy_Parallel;UDG;1.001.953.125;1611.25;0.14090019569471623;0.11823222439660795;0.13138046314416177;139;98;114.5;7;3;5.25;132;132;109.25;4
delaunay_n12.graph;4096;12264;.bfs;8;Linear_Deterministic_Greedy_Parallel;LDG;1.0;1567.0;0.13666014350945857;0.11464448793215916;0.12777234181343772;120;97;108.25;8;3;5.25;112;112;103.0;4
delaunay_n12.graph;4096;12264;.bfs;8;Exponentially_Deterministic_Greedy_Parallel;EDG;1.0;1644.25;0.14986953685583823;0.11358447488584475;0.13407126549249837;147;97;110.0;8;3;5.25;139;139;104.75;4
delaunay_n12.graph;4096;12264;.bfs;8;Unweighted_Randomized_Greedy_Parallel;URG;1.001.953.125;1903.0;0.16666666666666666;0.13886170906718853;0.15516960208741032;152;139;146.0;6;3;4.25;149;149;141.75;4
delaunay_n12.graph;4096;12264;.bfs;8;Linear_Randomized_Greedy_Parallel;LRG;1.0;1972.25;0.17816373124592302;0.1468525766470972;0.1608162100456621;250;193;218.0;8;4;5.5;242;242;212.5;4
delaunay_n12.graph;4096;12264;.bfs;8;Exponentially_Randomized_Greedy_Parallel;ERG;1.0;1972.25;0.17816373124592302;0.1468525766470972;0.1608162100456621;236;197;210.75;6;3;4.5;233;233;206.25;4
delaunay_n12.graph;4096;12264;.bfs;8;Unweighted_Triangles_Parallel;UT;1.001.953.125;4743.0;0.4237606001304631;0.37361382909328117;0.3867416829745597;112;102;106.75;6;2;4.25;110;110;102.5;4
delaunay_n12.graph;4096;12264;.bfs;8;Linear_Triangles_Parallel;LT;1.0;4732.5;0.4249021526418787;0.37010763209393344;0.38588551859099807;125;101;108.25;7;3;4.75;118;118;103.5;4
delaunay_n12.graph;4096;12264;.bfs;8;Exponentially_Triangles_Parallel;ET;1.0;4735.25;0.4249021526418787;0.37010763209393344;0.3861097521200261;105;102;103.75;10;3;6.0;101;101;97.75;4
delaunay_n12.graph;4096;12264;.bfs;8;Balance_Big_Parallel;BB;1.0;1682.25;0.15590345727332028;0.11798760600130463;0.1371697651663405;232;219;222.75;7;5;5.75;227;227;217.0;4
delaunay_n12.graph;4096;12264;.bfs;8;Unweighted_Dispersion_Based_Parallel;UDB;1.001.953.125;1613.0;0.13576320939334638;0.12075994781474234;0.13152315720808871;81;76;78.75;7;3;4.75;77;77;74.0;4
delaunay_n12.graph;4096;12264;.bfs;8;Linear_Dispersion_Based_Parallel;LDB;1.001.953.125;1603.75;0.13984018264840184;0.11513372472276581;0.13076891715590347;81;68;76.25;7;5;6.25;74;74;70.0;4
delaunay_n12.graph;4096;12264;.bfs;8;Exponentially_Dispersion_Based_Parallel;EDB;1.001.953.125;1663.5;0.14905414220482713;0.12141226353555121;0.13564090019569472;86;76;81.25;6;3;4.5;82;82;76.75;4
delaunay_n12.graph;4096;12264;.bfs;8;Balance_Big_Dispersion_Based_Parallel;BBDB;1.001.953.125;1686.0;0.15484344422700588;0.12173842139595564;0.13747553816046967;252;217;228.75;7;4;5.75;245;245;223.0;4
delaunay_n12.graph;4096;12264;.bfs;8;Unweighted_Dispersion_Predict;UD;1.0;1435.5;0.11994455316373125;0.11081213307240705;0.11704990215264188;25476;21479;22637.25;15;7;9.25;25461;25461;22628.0;4
delaunay_n12.graph;4096;12264;.bfs;8;Linear_Dispersion_Predict;LD;1.0;2668.25;0.22945205479452055;0.21200260926288322;0.21756767775603392;12124;11996;12048.0;13;7;9.75;12117;12117;12038.25;4
delaunay_n12.graph;4096;12264;.bfs;8;Exponentially_Dispersion_Predict;ED;1.0;1423.25;0.1195368558382257;0.11097521200260926;0.11605104370515329;22147;21841;22023.5;14;6;8.75;22133;22133;22014.75;4
delaunay_n12.graph;4096;12264;.bfs;8;Unweighted_Index_With_Dispersion;UIWD;1.0;1592.75;0.13429549902152643;0.12010763209393346;0.12987198303979125;111;91;98.25;7;4;4.75;107;107;93.5;4
delaunay_n12.graph;4096;12264;.bfs;8;Linear_Index_With_Dispersion;LIWD;1.0;1577.25;0.14220482713633398;0.11880300065231572;0.12860812133072408;91;87;89.0;5;3;3.75;87;87;85.25;4
delaunay_n12.graph;4096;12264;.bfs;8;Exponentially_Index_With_Dispersion;EIWD;1.0;1569.25;0.13804631441617743;0.11831376386170907;0.1279558056099152;109;83;93.5;8;3;5.25;102;102;88.25;4
delaunay_n12.graph;4096;12264;.bfs;8;STC;S;1.0;1655.0;0.14897260273972604;0.1141552511415525;0.1349478147423353;102;80;95.25;8;3;5.0;96;96;90.25;4
delaunay_n12.graph;4096;12264;.bfs;8;Linear_STC;LS;1.0;1568.5;0.1405740378343118;0.11488910632746249;0.12789465101108938;82;73;77.25;6;3;4.5;77;77;72.75;4
delaunay_n12.graph;4096;12264;.bfs;8;Exponentially_STC;ES;1.0;1655.0;0.14897260273972604;0.1141552511415525;0.1349478147423353;119;92;102.25;10;4;6.5;109;109;95.75;4
delaunay_n12.graph;4096;12264;.bfs;16;Hashing;H;1.0;11771.5;0.9624918460534899;0.954337899543379;0.9598418134377038;25;17;21.5;8;3;5.5;17;17;16.0;4
delaunay_n12.graph;4096;12264;.bfs;16;Unweighted_Deterministic_Greedy_Parallel;UDG;100.390.625;2089.5;0.17726679712981083;0.16177429876060012;0.1703767123287671;180;152;160.0;10;3;5.25;176;176;154.75;4
delaunay_n12.graph;4096;12264;.bfs;16;Linear_Deterministic_Greedy_Parallel;LDG;1.0;2095.75;0.18648075668623615;0.16014350945857794;0.17088633398564906;184;152;169.75;7;2;4.5;177;177;165.25;4
delaunay_n12.graph;4096;12264;.bfs;16;Exponentially_Deterministic_Greedy_Parallel;EDG;1.0;2118.25;0.19031311154598826;0.16210045662100456;0.17272097195042402;168;155;160.75;7;3;4.25;165;165;156.5;4
delaunay_n12.graph;4096;12264;.bfs;16;Unweighted_Randomized_Greedy_Parallel;URG;100.390.625;2641.5;0.2199119373776908;0.21135029354207435;0.21538649706457924;269;259;263.25;7;3;5.25;262;262;258.0;4
delaunay_n12.graph;4096;12264;.bfs;16;Linear_Randomized_Greedy_Parallel;LRG;1.0;2855.0;0.24763535551206783;0.2115949119373777;0.23279517286366602;322;299;306.5;6;2;4.25;317;317;302.25;4
delaunay_n12.graph;4096;12264;.bfs;16;Exponentially_Randomized_Greedy_Parallel;ERG;1.0;2855.0;0.24763535551206783;0.2115949119373777;0.23279517286366602;315;302;308.5;11;4;7.75;311;311;300.75;4
delaunay_n12.graph;4096;12264;.bfs;16;Unweighted_Triangles_Parallel;UT;100.390.625;7109.0;0.6003750815394651;0.5435420743639922;0.5796640574037835;169;158;163.5;8;5;5.75;164;164;157.75;4
delaunay_n12.graph;4096;12264;.bfs;16;Linear_Triangles_Parallel;LT;1.0;7148.75;0.6114644487932159;0.5442759295499021;0.5829052511415524;169;164;165.75;5;4;4.5;164;164;161.25;4
delaunay_n12.graph;4096;12264;.bfs;16;Exponentially_Triangles_Parallel;ET;1.0;7174.0;0.6114644487932159;0.5525114155251142;0.5849641226353555;174;163;166.75;8;4;5.75;170;170;161.0;4
delaunay_n12.graph;4096;12264;.bfs;16;Balance_Big_Parallel;BB;1.0;2319.25;0.19455316373124593;0.17938682322243965;0.1891104044357469;324;315;319.25;10;5;7.0;318;318;312.25;4
delaunay_n12.graph;4096;12264;.bfs;16;Unweighted_Dispersion_Based_Parallel;UDB;100.390.625;2143.0;0.18175146771037182;0.1696836268754077;0.17473907371167646;94;88;91.5;6;4;5.0;89;89;86.5;4
delaunay_n12.graph;4096;12264;.bfs;16;Linear_Dispersion_Based_Parallel;LDB;100.390.625;2122.25;0.17897912589693413;0.170662100456621;0.17304712981082845;111;83;96.75;7;3;5.0;108;108;91.75;4
delaunay_n12.graph;4096;12264;.bfs;16;Exponentially_Dispersion_Based_Parallel;EDB;100.390.625;2165.0;0.18387149380300066;0.15826810176125244;0.17653294194390085;112;95;102.25;7;3;5.0;106;106;97.25;4
delaunay_n12.graph;4096;12264;.bfs;16;Balance_Big_Dispersion_Based_Parallel;BBDB;100.390.625;2235.75;0.19300391389432486;0.17041748206131768;0.18230185909980431;276;239;255.0;7;5;5.5;271;271;249.5;4
delaunay_n12.graph;4096;12264;.bfs;16;Unweighted_Dispersion_Predict;UD;1.0;1879.75;0.15745270711024137;0.14522178734507502;0.15327380952380953;66699;62590;64285.5;15;12;13.25;66684;66684;64272.25;4
delaunay_n12.graph;4096;12264;.bfs;16;Linear_Dispersion_Predict;LD;1.0;5363.5;0.45017938682322245;0.4297129810828441;0.4373369210697978;36119;35229;35623.75;13;8;10.25;36109;36109;35613.5;4
delaunay_n12.graph;4096;12264;.bfs;16;Exponentially_Dispersion_Predict;ED;1.0;2233.25;0.1850945857795173;0.17367906066536204;0.18209801043705154;62574;55993;59953.25;16;10;12.5;62560;62560;59940.75;4
delaunay_n12.graph;4096;12264;.bfs;16;Unweighted_Index_With_Dispersion;UIWD;1.0;2259.5;0.1970808871493803;0.1705805609915199;0.18423842139595564;102;94;98.75;7;3;4.25;99;99;94.5;4
delaunay_n12.graph;4096;12264;.bfs;16;Linear_Index_With_Dispersion;LIWD;1.0;2114.75;0.18362687540769732;0.1679712981082844;0.17243558382257013;113;95;102.5;8;3;4.75;108;108;97.75;4
delaunay_n12.graph;4096;12264;.bfs;16;Exponentially_Index_With_Dispersion;EIWD;1.0;2168.75;0.18199608610567514;0.17278212654924985;0.17683871493803;103;95;99.25;6;3;4.25;98;98;95.0;4
delaunay_n12.graph;4096;12264;.bfs;16;STC;S;1.0;2124.0;0.19112850619699934;0.1632420091324201;0.17318982387475537;148;122;135.75;6;3;5.0;142;142;130.75;4
delaunay_n12.graph;4096;12264;.bfs;16;Linear_STC;LS;1.0;2075.5;0.18232224396607957;0.16389432485322897;0.1692351598173516;128;118;123.25;7;3;4.75;125;125;118.5;4
delaunay_n12.graph;4096;12264;.bfs;16;Exponentially_STC;ES;1.0;2124.0;0.19112850619699934;0.1632420091324201;0.17318982387475537;137;133;134.0;6;3;4.25;131;131;129.75;4
delaunay_n12.graph;4096;12264;.bfs;32;Hashing;H;1.0;12075.25;0.9861382909328115;0.9816536203522505;0.9846094259621656;15;13;14.0;4;2;3.0;12;12;11.0;4
delaunay_n12.graph;4096;12264;.bfs;32;Unweighted_Deterministic_Greedy_Parallel;UDG;10.078.125;2612.25;0.21771037181996086;0.20645792563600782;0.21300146771037182;192;180;184.0;6;3;4.5;189;189;179.5;4
delaunay_n12.graph;4096;12264;.bfs;32;Linear_Deterministic_Greedy_Parallel;LDG;1.0;2663.25;0.22651663405088063;0.20327788649706457;0.21715998043052837;199;186;190.5;6;4;4.75;195;195;185.75;4
delaunay_n12.graph;4096;12264;.bfs;32;Exponentially_Deterministic_Greedy_Parallel;EDG;1.0;2662.0;0.22741356816699282;0.20825179386823223;0.217058056099152;204;188;193.5;6;4;4.75;198;198;188.75;4
delaunay_n12.graph;4096;12264;.bfs;32;Unweighted_Randomized_Greedy_Parallel;URG;10.078.125;3190.25;0.267204827136334;0.2522831050228311;0.2601312785388128;312;298;303.25;11;3;6.75;307;307;296.5;4
delaunay_n12.graph;4096;12264;.bfs;32;Linear_Randomized_Greedy_Parallel;LRG;1.0;3215.75;0.26671559034572734;0.2557077625570776;0.26221053489889107;323;310;314.5;7;5;6.0;316;316;308.5;4
delaunay_n12.graph;4096;12264;.bfs;32;Exponentially_Randomized_Greedy_Parallel;ERG;1.0;3215.75;0.26671559034572734;0.2557077625570776;0.26221053489889107;323;310;317.0;7;3;5.25;320;320;311.75;4
delaunay_n12.graph;4096;12264;.bfs;32;Unweighted_Triangles_Parallel;UT;10.078.125;9287.0;0.8043052837573386;0.7091487279843445;0.7572570123939987;196;189;194.25;5;3;4.0;193;193;190.25;4
delaunay_n12.graph;4096;12264;.bfs;32;Linear_Triangles_Parallel;LT;1.0;9351.75;0.7906881930854534;0.7116764514024788;0.7625366927592955;201;195;196.75;8;5;6.0;196;196;190.75;4
delaunay_n12.graph;4096;12264;.bfs;32;Exponentially_Triangles_Parallel;ET;1.0;9351.75;0.7906881930854534;0.7116764514024788;0.7625366927592955;204;193;198.0;7;3;4.75;199;199;193.25;4
delaunay_n12.graph;4096;12264;.bfs;32;Balance_Big_Parallel;BB;1.0;2827.5;0.23303979125896934;0.22684279191128506;0.23055283757338552;345;335;342.0;8;4;5.5;341;341;336.5;4
delaunay_n12.graph;4096;12264;.bfs;32;Unweighted_Dispersion_Based_Parallel;UDB;10.078.125;2534.5;0.21118721461187215;0.20221787345075015;0.2066617742987606;103;96;99.5;6;3;4.5;100;100;95.0;4
delaunay_n12.graph;4096;12264;.bfs;32;Linear_Dispersion_Based_Parallel;LDB;10.078.125;2614.75;0.21958577951728636;0.20115786040443576;0.2132053163731246;135;96;112.75;9;4;6.25;128;128;106.5;4
delaunay_n12.graph;4096;12264;.bfs;32;Exponentially_Dispersion_Based_Parallel;EDB;10.078.125;2589.75;0.21289954337899544;0.20865949119373778;0.21116682974559686;125;98;108.0;6;3;4.25;122;122;103.75;4
delaunay_n12.graph;4096;12264;.bfs;32;Balance_Big_Dispersion_Based_Parallel;BBDB;10.078.125;2858.75;0.2437214611872146;0.22472276581865622;0.23310094585779517;284;253;270.75;9;5;6.75;279;279;264.0;4
delaunay_n12.graph;4096;12264;.bfs;32;Unweighted_Dispersion_Predict;UD;1.0;2327.5;0.19504240052185257;0.18232224396607957;0.18978310502283105;165330;154300;158685.0;27;13;17.75;165315;165315;158667.25;4
delaunay_n12.graph;4096;12264;.bfs;32;Linear_Dispersion_Predict;LD;1.0;7052.25;0.5835779517286367;0.5674331376386171;0.5750366927592955;121162;117518;119218.0;22;13;18.0;121140;121140;119200.0;4
delaunay_n12.graph;4096;12264;.bfs;32;Exponentially_Dispersion_Predict;ED;1.0;3150.75;0.2693248532289628;0.24975538160469668;0.256910469667319;153114;134676;147747.25;20;11;16.0;153103;153103;147731.25;4
delaunay_n12.graph;4096;12264;.bfs;32;Unweighted_Index_With_Dispersion;UIWD;1.0;2625.25;0.2199934768427919;0.20580560991519894;0.21406148075668624;115;97;104.25;15;5;8.0;110;110;96.25;4
delaunay_n12.graph;4096;12264;.bfs;32;Linear_Index_With_Dispersion;LIWD;1.0;2601.5;0.21550880626223093;0.20865949119373778;0.2121249184605349;109;96;103.5;6;4;5.25;104;104;98.25;4
delaunay_n12.graph;4096;12264;.bfs;32;Exponentially_Index_With_Dispersion;EIWD;1.0;2633.75;0.2172211350293542;0.20923026744944553;0.21475456621004566;106;97;99.5;7;3;5.0;101;101;94.5;4
delaunay_n12.graph;4096;12264;.bfs;32;STC;S;1.0;2651.0;0.225293542074364;0.20931180691454665;0.2161611219830398;200;178;187.0;8;4;5.25;195;195;181.75;4
delaunay_n12.graph;4096;12264;.bfs;32;Linear_STC;LS;1.0;2661.75;0.22398891063274626;0.20156555772994128;0.2170376712328767;205;176;191.75;6;4;5.5;199;199;186.25;4
delaunay_n12.graph;4096;12264;.bfs;32;Exponentially_STC;ES;1.0;2649.75;0.225293542074364;0.20931180691454665;0.2160591976516634;202;176;184.0;10;4;7.0;193;193;177.0;4
delaunay_n12.graph;4096;12264;.bfs;64;Hashing;H;1.0;12178.0;0.9953522504892368;0.9911937377690803;0.9929876060013046;34;14;19.25;4;2;3.25;31;31;16.0;4
delaunay_n12.graph;4096;12264;.bfs;64;Unweighted_Deterministic_Greedy_Parallel;UDG;1.015.625;3110.25;0.26247553816046965;0.24967384213959556;0.2536081213307241;225;204;214.75;10;4;7.0;218;218;207.75;4
delaunay_n12.graph;4096;12264;.bfs;64;Linear_Deterministic_Greedy_Parallel;LDG;1.0;3256.5;0.27128180039138944;0.25872472276581865;0.26553326810176126;224;210;217.25;8;3;5.25;219;219;212.0;4
delaunay_n12.graph;4096;12264;.bfs;64;Exponentially_Deterministic_Greedy_Parallel;EDG;1.0;3208.0;0.26663405088062625;0.25440313111545987;0.2615786040443575;220;213;216.75;7;3;5.5;217;217;211.25;4
delaunay_n12.graph;4096;12264;.bfs;64;Unweighted_Randomized_Greedy_Parallel;URG;1.015.625;3903.5;0.32615786040443573;0.3065883887801696;0.31828930202217876;344;334;339.25;7;5;5.75;338;338;333.5;4
delaunay_n12.graph;4096;12264;.bfs;64;Linear_Randomized_Greedy_Parallel;LRG;1.0;3968.75;0.3339856490541422;0.30797455968688847;0.3236097521200261;399;385;392.0;8;4;6.75;395;395;385.25;4
delaunay_n12.graph;4096;12264;.bfs;64;Exponentially_Randomized_Greedy_Parallel;ERG;1.0;3968.75;0.3339856490541422;0.30797455968688847;0.3236097521200261;400;389;394.5;7;4;5.75;394;394;388.75;4
delaunay_n12.graph;4096;12264;.bfs;64;Unweighted_Triangles_Parallel;UT;1.015.625;10802.25;0.9198467058056099;0.8440150032615786;0.8808096868884541;221;213;218.0;5;4;4.5;217;217;213.5;4
delaunay_n12.graph;4096;12264;.bfs;64;Linear_Triangles_Parallel;LT;1.0;10814.0;0.9191943900848011;0.8561643835616438;0.881767775603392;226;216;220.25;7;5;5.75;221;221;214.5;4
delaunay_n12.graph;4096;12264;.bfs;64;Exponentially_Triangles_Parallel;ET;1.0;10814.0;0.9191943900848011;0.8561643835616438;0.881767775603392;229;218;222.25;8;5;6.75;224;224;215.5;4
delaunay_n12.graph;4096;12264;.bfs;64;Balance_Big_Parallel;BB;1.0;3342.5;0.27862035225048926;0.26524787997390736;0.2725456621004566;365;352;358.25;8;3;6.5;358;358;351.75;4
delaunay_n12.graph;4096;12264;.bfs;64;Unweighted_Dispersion_Based_Parallel;UDB;1.015.625;3106.5;0.2590508806262231;0.24681996086105676;0.25330234833659493;129;99;108.25;5;3;4.0;124;124;104.25;4
delaunay_n12.graph;4096;12264;.bfs;64;Linear_Dispersion_Based_Parallel;LDB;1.015.625;3126.5;0.25929549902152643;0.2465753424657534;0.2549331376386171;104;96;99.75;6;4;4.75;100;100;95.0;4
delaunay_n12.graph;4096;12264;.bfs;64;Exponentially_Dispersion_Based_Parallel;EDB;1.015.625;3148.25;0.26761252446183953;0.24535225048923678;0.2567066210045662;112;101;105.25;6;3;4.75;107;107;100.5;4
delaunay_n12.graph;4096;12264;.bfs;64;Balance_Big_Dispersion_Based_Parallel;BBDB;1.015.625;3239.0;0.27234181343770386;0.25790932811480755;0.26410632746249185;280;264;270.75;7;4;5.75;274;274;265.0;4
delaunay_n12.graph;4096;12264;.bfs;64;Unweighted_Dispersion_Predict;UD;1.0;2930.5;0.2446183953033268;0.2345890410958904;0.23895140247879973;317921;282914;302574.5;35;19;25.25;317886;317886;302549.25;4
delaunay_n12.graph;4096;12264;.bfs;64;Linear_Dispersion_Predict;LD;1.0;7716.5;0.6353555120678408;0.6246738421395955;0.6291992824527071;256619;245604;249104.25;24;18;21.0;256601;256601;249083.25;4
delaunay_n12.graph;4096;12264;.bfs;64;Exponentially_Dispersion_Predict;ED;1.0;5194.75;0.4500163078930202;0.4095727332028702;0.42357713633398564;243679;225758;236377.0;25;19;22.5;243657;243657;236354.5;4
delaunay_n12.graph;4096;12264;.bfs;64;Unweighted_Index_With_Dispersion;UIWD;1.0;3222.25;0.2672863666014351;0.25383235485975214;0.2627405414220483;136;100;111.75;34;3;11.75;102;102;100.0;4
delaunay_n12.graph;4096;12264;.bfs;64;Linear_Index_With_Dispersion;LIWD;1.0;3266.5;0.26948793215916506;0.2600293542074364;0.26634866275277236;111;100;104.0;8;3;5.75;105;105;98.25;4
delaunay_n12.graph;4096;12264;.bfs;64;Exponentially_Index_With_Dispersion;EIWD;1.0;3178.75;0.2674494455316373;0.2508969341161122;0.25919357469015003;115;101;106.75;6;3;4.5;111;111;102.25;4
delaunay_n12.graph;4096;12264;.bfs;64;STC;S;1.0;3215.75;0.267938682322244;0.2518754076973255;0.26221053489889107;239;227;232.5;6;5;5.75;233;233;226.75;4
delaunay_n12.graph;4096;12264;.bfs;64;Linear_STC;LS;1.0;3201.0;0.26924331376386174;0.253750815394651;0.2610078277886497;250;231;238.25;8;5;6.25;244;244;232.0;4
delaunay_n12.graph;4096;12264;.bfs;64;Exponentially_STC;ES;1.0;3215.75;0.267938682322244;0.2518754076973255;0.26221053489889107;250;236;241.0;8;5;6.0;245;245;235.0;4
delaunay_n12.graph;4096;12264;.bfs;128;Hashing;H;1.0;12218.0;0.9971461187214612;0.9945368558382257;0.996249184605349;20;14;15.5;6;2;3.75;14;14;11.75;4
delaunay_n12.graph;4096;12264;.bfs;128;Unweighted_Deterministic_Greedy_Parallel;UDG;103.125;3840.25;0.3157208088714938;0.3090345727332029;0.3131319308545336;284;250;260.5;14;3;6.25;280;280;254.25;4
delaunay_n12.graph;4096;12264;.bfs;128;Linear_Deterministic_Greedy_Parallel;LDG;1.0;4035.0;0.3384703196347032;0.3231409001956947;0.32901174168297453;265;258;261.25;6;4;4.5;261;261;256.75;4
delaunay_n12.graph;4096;12264;.bfs;128;Exponentially_Deterministic_Greedy_Parallel;EDG;1.0;3961.5;0.32526092628832354;0.3195531637312459;0.32301859099804303;266;261;263.25;7;3;5.0;262;262;258.25;4
delaunay_n12.graph;4096;12264;.bfs;128;Unweighted_Randomized_Greedy_Parallel;URG;103.125;4793.0;0.39823874755381605;0.38543705153294194;0.39081865622961515;425;420;421.75;7;4;5.25;420;420;416.5;4
delaunay_n12.graph;4096;12264;.bfs;128;Linear_Randomized_Greedy_Parallel;LRG;1.0;4899.0;0.4106327462491846;0.38943248532289626;0.39946183953033265;514;506;508.75;7;3;5.75;507;507;503.0;4
delaunay_n12.graph;4096;12264;.bfs;128;Exponentially_Randomized_Greedy_Parallel;ERG;1.0;4899.0;0.4106327462491846;0.38943248532289626;0.39946183953033265;519;505;512.5;8;3;6.25;516;516;506.25;4
delaunay_n12.graph;4096;12264;.bfs;128;Unweighted_Triangles_Parallel;UT;103.125;11358.0;0.9559686888454012;0.9021526418786693;0.9261252446183953;267;262;264.25;7;3;5.0;261;261;259.25;4
delaunay_n12.graph;4096;12264;.bfs;128;Linear_Triangles_Parallel;LT;1.0;11362.75;0.9437377690802349;0.9043542074363993;0.9265125570776256;268;259;264.75;7;3;6.0;264;264;258.75;4
delaunay_n12.graph;4096;12264;.bfs;128;Exponentially_Triangles_Parallel;ET;1.0;11362.75;0.9437377690802349;0.9043542074363993;0.9265125570776256;275;269;271.75;9;6;7.0;269;269;264.75;4
delaunay_n12.graph;4096;12264;.bfs;128;Balance_Big_Parallel;BB;1.0;4150.0;0.3419765166340509;0.3332517938682322;0.3383887801696021;417;392;405.75;8;4;6.25;409;409;399.5;4
delaunay_n12.graph;4096;12264;.bfs;128;Unweighted_Dispersion_Based_Parallel;UDB;103.125;3845.5;0.3181669928245271;0.3067514677103718;0.3135600130463144;108;106;106.75;5;3;4.0;104;104;102.75;4
delaunay_n12.graph;4096;12264;.bfs;128;Linear_Dispersion_Based_Parallel;LDB;103.125;3914.5;0.32322243966079583;0.31523157208088715;0.31918623613829095;110;104;106.25;8;5;6.5;105;105;99.75;4
delaunay_n12.graph;4096;12264;.bfs;128;Exponentially_Dispersion_Based_Parallel;EDB;103.125;3825.75;0.31629158512720157;0.307648401826484;0.31194960861056753;116;108;111.25;6;5;5.25;111;111;106.0;4
delaunay_n12.graph;4096;12264;.bfs;128;Balance_Big_Dispersion_Based_Parallel;BBDB;103.125;4064.0;0.33341487279843446;0.329337899543379;0.3313763861709067;278;269;273.75;7;5;6.25;272;272;267.5;4
delaunay_n12.graph;4096;12264;.bfs;128;Unweighted_Dispersion_Predict;UD;1.0;3976.5;0.33007175472928896;0.317351598173516;0.3242416829745597;571462;559031;567347.75;33;23;25.75;571438;571438;567322.0;4
delaunay_n12.graph;4096;12264;.bfs;128;Linear_Dispersion_Predict;LD;1.0;8171.5;0.667726679712981;0.6643835616438356;0.6662997390737116;541720;529036;536342.0;35;15;24.0;541695;541695;536318.0;4
delaunay_n12.graph;4096;12264;.bfs;128;Exponentially_Dispersion_Predict;ED;1.0;8171.5;0.667726679712981;0.6643835616438356;0.6662997390737116;530168;519384;525235.5;29;20;26.25;530139;530139;525209.25;4
delaunay_n12.graph;4096;12264;.bfs;128;Unweighted_Index_With_Dispersion;UIWD;1.0;3970.5;0.3295825179386823;0.3191454664057404;0.32375244618395305;131;111;118.75;23;4;10.25;112;112;108.5;4
delaunay_n12.graph;4096;12264;.bfs;128;Linear_Index_With_Dispersion;LIWD;1.0;3989.75;0.32860404435746904;0.3205316373124592;0.32532208088714937;127;107;113.5;6;4;5.0;121;121;108.5;4
delaunay_n12.graph;4096;12264;.bfs;128;Exponentially_Index_With_Dispersion;EIWD;1.0;3965.25;0.3266470971950424;0.3205316373124592;0.32332436399217224;123;112;116.0;6;5;5.5;117;117;110.5;4
delaunay_n12.graph;4096;12264;.bfs;128;STC;S;1.0;3945.25;0.3294194390084801;0.3157208088714938;0.32169357469015003;340;307;323.25;9;6;7.25;333;333;316.0;4
delaunay_n12.graph;4096;12264;.bfs;128;Linear_STC;LS;1.0;4039.25;0.33635029354207435;0.32436399217221135;0.32935828440965426;344;312;330.0;9;3;6.0;339;339;324.0;4
delaunay_n12.graph;4096;12264;.bfs;128;Exponentially_STC;ES;1.0;3945.5;0.32950097847358123;0.3157208088714938;0.32171395955642534;342;309;322.5;10;3;6.0;339;339;316.5;4
GraphName;TotalNodes;TotalEdges;OrderingType;K;CompleteHeuristicName;HeuristicName;NormalizedLoad;CuttedEdges;MaxCuttedEdgesRatio;MinCuttedEdgesRatio;CuttedEdgesRatio;MaxTime;MinTime;AvgTime;MaxIOTime;MinIOTime;AvgIOTime;MaxPartitioningTime;MinPartitioningTime;AvgPartitioningTime;IterationTime
delaunay_n12.graph;4096;12264;.dfs;2;Hashing;H;1.0;7542.0;0.6166014350945858;0.6125244618395304;0.6149706457925637;15;14;14.25;5;2;3.5;12;12;10.75;4
delaunay_n12.graph;4096;12264;.dfs;2;Unweighted_Deterministic_Greedy_Parallel;UDG;100.048.828.125;974.0;0.1331539465101109;0.05740378343118069;0.0794194390084801;42;32;35.75;6;2;3.75;36;36;32.0;4
delaunay_n12.graph;4096;12264;.dfs;2;Linear_Deterministic_Greedy_Parallel;LDG;1.0;976.0;0.1331539465101109;0.057648401826484015;0.07958251793868232;46;35;39.25;9;3;5.25;43;43;34.0;4
delaunay_n12.graph;4096;12264;.dfs;2;Exponentially_Deterministic_Greedy_Parallel;EDG;1.0;976.0;0.1331539465101109;0.057648401826484015;0.07958251793868232;60;49;56.0;7;5;6.25;54;54;49.75;4
delaunay_n12.graph;4096;12264;.dfs;2;Unweighted_Randomized_Greedy_Parallel;URG;100.048.828.125;974.0;0.1331539465101109;0.05740378343118069;0.0794194390084801;75;42;63.25;7;3;5.0;71;71;58.25;4
delaunay_n12.graph;4096;12264;.dfs;2;Linear_Randomized_Greedy_Parallel;LRG;1.0;976.0;0.1331539465101109;0.057648401826484015;0.07958251793868232;89;79;84.25;9;4;6.25;84;84;78.0;4
delaunay_n12.graph;4096;12264;.dfs;2;Exponentially_Randomized_Greedy_Parallel;ERG;1.0;976.0;0.1331539465101109;0.057648401826484015;0.07958251793868232;87;74;80.5;6;4;5.0;82;82;75.5;4
delaunay_n12.graph;4096;12264;.dfs;2;Unweighted_Triangles_Parallel;UT;100.048.828.125;4431.75;0.3719015003261579;0.35339204174820615;0.36136252446183953;54;30;40.0;7;3;4.5;50;50;35.5;4
delaunay_n12.graph;4096;12264;.dfs;2;Linear_Triangles_Parallel;LT;1.0;4434.25;0.37181996086105673;0.3532289628180039;0.3615663731245923;35;34;34.75;6;2;3.75;33;33;31.0;4
delaunay_n12.graph;4096;12264;.dfs;2;Exponentially_Triangles_Parallel;ET;1.0;4432.75;0.37206457925636005;0.3532289628180039;0.3614440639269406;61;45;52.5;8;4;5.75;53;53;46.75;4
delaunay_n12.graph;4096;12264;.dfs;2;Balance_Big_Parallel;BB;1.0;1149.0;0.11260600130463144;0.05552837573385518;0.09368884540117417;182;171;175.0;6;4;5.5;176;176;169.5;4
delaunay_n12.graph;4096;12264;.dfs;2;Unweighted_Dispersion_Based_Parallel;UDB;100.048.828.125;974.0;0.1331539465101109;0.05740378343118069;0.0794194390084801;101;70;86.25;13;4;7.75;88;88;78.5;4
delaunay_n12.graph;4096;12264;.dfs;2;Linear_Dispersion_Based_Parallel;LDB;100.048.828.125;974.0;0.1331539465101109;0.05740378343118069;0.0794194390084801;93;75;84.25;8;3;5.25;85;85;79.0;4
delaunay_n12.graph;4096;12264;.dfs;2;Exponentially_Dispersion_Based_Parallel;EDB;100.048.828.125;974.0;0.1331539465101109;0.05740378343118069;0.0794194390084801;104;87;94.25;7;4;5.75;98;98;88.5;4
delaunay_n12.graph;4096;12264;.dfs;2;Balance_Big_Dispersion_Based_Parallel;BBDB;100.048.828.125;1166.0;0.11170906718851924;0.05903457273320287;0.09507501630789301;236;216;225.75;8;3;5.25;228;228;220.5;4
delaunay_n12.graph;4096;12264;.dfs;2;Unweighted_Dispersion_Predict;UD;1.0;976.0;0.1331539465101109;0.057648401826484015;0.07958251793868232;1248;1208;1222.0;8;3;5.75;1243;1243;1216.25;4
delaunay_n12.graph;4096;12264;.dfs;2;Linear_Dispersion_Predict;LD;1.0;976.0;0.1331539465101109;0.057648401826484015;0.07958251793868232;1226;1213;1219.75;8;5;6.75;1219;1219;1213.0;4
delaunay_n12.graph;4096;12264;.dfs;2;Exponentially_Dispersion_Predict;ED;1.0;976.0;0.1331539465101109;0.057648401826484015;0.07958251793868232;1243;1231;1236.75;16;7;9.75;1235;1235;1227.0;4
delaunay_n12.graph;4096;12264;.dfs;2;Unweighted_Index_With_Dispersion;UIWD;1.0;976.0;0.1331539465101109;0.057648401826484015;0.07958251793868232;94;83;87.75;7;4;5.5;88;88;82.25;4
delaunay_n12.graph;4096;12264;.dfs;2;Linear_Index_With_Dispersion;LIWD;1.0;976.0;0.1331539465101109;0.057648401826484015;0.07958251793868232;113;75;88.0;8;3;5.25;105;105;82.75;4
delaunay_n12.graph;4096;12264;.dfs;2;Exponentially_Index_With_Dispersion;EIWD;1.0;976.0;0.1331539465101109;0.057648401826484015;0.07958251793868232;93;90;91.25;10;6;7.25;87;87;84.0;4
delaunay_n12.graph;4096;12264;.dfs;2;STC;S;1.0;976.0;0.1331539465101109;0.057648401826484015;0.07958251793868232;48;39;43.75;7;5;5.75;43;43;38.0;4
delaunay_n12.graph;4096;12264;.dfs;2;Linear_STC;LS;1.0;976.0;0.1331539465101109;0.057648401826484015;0.07958251793868232;56;44;48.25;5;3;4.25;53;53;44.0;4
delaunay_n12.graph;4096;12264;.dfs;2;Exponentially_STC;ES;1.0;976.0;0.1331539465101109;0.057648401826484015;0.07958251793868232;70;45;56.25;6;3;4.75;65;65;51.5;4
delaunay_n12.graph;4096;12264;.dfs;4;Hashing;H;1.0;10318.0;0.8424657534246576;0.8388780169602087;0.841324200913242;29;21;24.25;7;4;5.25;24;24;19.0;4
delaunay_n12.graph;4096;12264;.dfs;4;Unweighted_Deterministic_Greedy_Parallel;UDG;10.009.765.625;2223.5;0.1961839530332681;0.1743313763861709;0.18130300065231572;106;73;86.0;23;4;8.75;102;102;77.25;4
delaunay_n12.graph;4096;12264;.dfs;4;Linear_Deterministic_Greedy_Parallel;LDG;1.0;2220.75;0.19593933463796478;0.17384213959556424;0.1810787671232877;106;78;87.75;5;3;4.0;102;102;83.75;4
delaunay_n12.graph;4096;12264;.dfs;4;Exponentially_Deterministic_Greedy_Parallel;EDG;1.0;2220.75;0.19593933463796478;0.17384213959556424;0.1810787671232877;124;87;100.5;6;4;5.25;118;118;95.25;4
delaunay_n12.graph;4096;12264;.dfs;4;Unweighted_Randomized_Greedy_Parallel;URG;10.009.765.625;2223.5;0.1961839530332681;0.1743313763861709;0.18130300065231572;137;103;117.0;7;4;5.25;132;132;111.75;4
delaunay_n12.graph;4096;12264;.dfs;4;Linear_Randomized_Greedy_Parallel;LRG;1.0;2220.75;0.19593933463796478;0.17384213959556424;0.1810787671232877;207;139;172.75;14;5;7.5;193;193;165.25;4
delaunay_n12.graph;4096;12264;.dfs;4;Exponentially_Randomized_Greedy_Parallel;ERG;1.0;2220.75;0.19593933463796478;0.17384213959556424;0.1810787671232877;213;177;195.0;7;4;5.5;207;207;189.5;4
delaunay_n12.graph;4096;12264;.dfs;4;Unweighted_Triangles_Parallel;UT;10.009.765.625;7952.5;0.6572896281800391;0.6402478799739074;0.6484425962165689;134;97;113.25;9;5;6.5;125;125;106.75;4
delaunay_n12.graph;4096;12264;.dfs;4;Linear_Triangles_Parallel;LT;1.0;7956.5;0.6574527071102414;0.6403294194390085;0.6487687540769732;102;85;94.75;5;4;4.25;98;98;90.5;4
delaunay_n12.graph;4096;12264;.dfs;4;Exponentially_Triangles_Parallel;ET;1.0;7957.25;0.6576973255055447;0.6403294194390085;0.648829908675799;119;88;101.0;9;5;6.75;112;112;94.25;4
delaunay_n12.graph;4096;12264;.dfs;4;Balance_Big_Parallel;BB;1.0;2098.0;0.19006849315068494;0.1413078930202218;0.17106979778212655;239;206;223.0;7;5;6.25;232;232;216.75;4
delaunay_n12.graph;4096;12264;.dfs;4;Unweighted_Dispersion_Based_Parallel;UDB;10.009.765.625;2223.5;0.1961839530332681;0.1743313763861709;0.18130300065231572;104;87;95.0;7;5;6.5;97;97;88.5;4
delaunay_n12.graph;4096;12264;.dfs;4;Linear_Dispersion_Based_Parallel;LDB;10.009.765.625;2223.5;0.1961839530332681;0.1743313763861709;0.18130300065231572;101;81;90.25;7;5;6.25;94;94;84.0;4
delaunay_n12.graph;4096;12264;.dfs;4;Exponentially_Dispersion_Based_Parallel;EDB;10.009.765.625;2223.5;0.1961839530332681;0.1743313763861709;0.18130300065231572;115;83;97.25;10;3;6.5;112;112;90.75;4
delaunay_n12.graph;4096;12264;.dfs;4;Balance_Big_Dispersion_Based_Parallel;BBDB;10.009.765.625;2016.0;0.1989562948467058;0.13878016960208742;0.1643835616438356;256;233;242.25;8;4;6.25;250;250;236.0;4
delaunay_n12.graph;4096;12264;.dfs;4;Unweighted_Dispersion_Predict;UD;1.0;2220.75;0.19593933463796478;0.17384213959556424;0.1810787671232877;6379;4907;5840.5;8;4;6.25;6375;6375;5834.25;4
delaunay_n12.graph;4096;12264;.dfs;4;Linear_Dispersion_Predict;LD;1.0;2277.0;0.20857795172863666;0.17685909980430528;0.18566536203522505;4430;4325;4375.5;11;6;8.0;4423;4423;4367.5;4
delaunay_n12.graph;4096;12264;.dfs;4;Exponentially_Dispersion_Predict;ED;1.0;2221.25;0.19593933463796478;0.17384213959556424;0.18111953685583823;6221;4894;5847.0;9;5;6.5;6215;6215;5840.5;4
delaunay_n12.graph;4096;12264;.dfs;4;Unweighted_Index_With_Dispersion;UIWD;1.0;2220.75;0.19593933463796478;0.17384213959556424;0.1810787671232877;96;82;89.5;16;3;7.75;88;88;81.75;4
delaunay_n12.graph;4096;12264;.dfs;4;Linear_Index_With_Dispersion;LIWD;1.0;2220.75;0.19593933463796478;0.17384213959556424;0.1810787671232877;87;80;83.0;7;3;5.0;81;81;78.0;4
delaunay_n12.graph;4096;12264;.dfs;4;Exponentially_Index_With_Dispersion;EIWD;1.0;2220.75;0.19593933463796478;0.17384213959556424;0.1810787671232877;99;73;84.0;5;3;4.25;96;96;79.75;4
delaunay_n12.graph;4096;12264;.dfs;4;STC;S;1.0;2220.75;0.19593933463796478;0.17384213959556424;0.1810787671232877;88;44;60.0;8;4;6.75;80;80;53.25;4
delaunay_n12.graph;4096;12264;.dfs;4;Linear_STC;LS;1.0;2220.75;0.19593933463796478;0.17384213959556424;0.1810787671232877;71;50;56.75;9;5;6.75;62;62;50.0;4
delaunay_n12.graph;4096;12264;.dfs;4;Exponentially_STC;ES;1.0;2220.75;0.19593933463796478;0.17384213959556424;0.1810787671232877;58;55;56.75;7;4;5.0;54;54;51.75;4
delaunay_n12.graph;4096;12264;.dfs;8;Hashing;H;1.0;11422.0;0.9321591650358774;0.9305283757338552;0.9313437703848663;16;14;14.5;5;3;3.75;12;12;10.75;4
delaunay_n12.graph;4096;12264;.dfs;8;Unweighted_Deterministic_Greedy_Parallel;UDG;1.001.953.125;2985.0;0.2518754076973255;0.23214285714285715;0.2433953033268102;104;89;96.0;12;3;6.25;96;96;89.75;4
delaunay_n12.graph;4096;12264;.dfs;8;Linear_Deterministic_Greedy_Parallel;LDG;1.0;2990.75;0.25236464448793217;0.2336921069797782;0.24386415525114155;107;95;99.25;7;3;4.5;103;103;94.75;4
delaunay_n12.graph;4096;12264;.dfs;8;Exponentially_Deterministic_Greedy_Parallel;EDG;1.0;2990.75;0.25236464448793217;0.2336921069797782;0.24386415525114155;107;96;101.25;17;4;8.25;97;97;93.0;4
delaunay_n12.graph;4096;12264;.dfs;8;Unweighted_Randomized_Greedy_Parallel;URG;1.001.953.125;2985.0;0.2518754076973255;0.23214285714285715;0.2433953033268102;149;136;142.5;6;4;5.0;145;145;137.5;4
delaunay_n12.graph;4096;12264;.dfs;8;Linear_Randomized_Greedy_Parallel;LRG;1.0;2990.75;0.25236464448793217;0.2336921069797782;0.24386415525114155;191;189;189.75;7;3;6.0;188;188;183.75;4
delaunay_n12.graph;4096;12264;.dfs;8;Exponentially_Randomized_Greedy_Parallel;ERG;1.0;2990.75;0.25236464448793217;0.2336921069797782;0.24386415525114155;222;194;206.0;6;3;4.75;216;216;201.25;4
delaunay_n12.graph;4096;12264;.dfs;8;Unweighted_Triangles_Parallel;UT;1.001.953.125;10058.0;0.8246086105675147;0.8159654272667971;0.8201239399869537;110;99;104.5;6;3;4.5;107;107;100.0;4
delaunay_n12.graph;4096;12264;.dfs;8;Linear_Triangles_Parallel;LT;1.0;10064.25;0.8249347684279191;0.8165362035225049;0.8206335616438356;102;100;100.5;9;3;5.25;97;97;95.25;4
delaunay_n12.graph;4096;12264;.dfs;8;Exponentially_Triangles_Parallel;ET;1.0;10064.25;0.8249347684279191;0.8165362035225049;0.8206335616438356;111;100;103.25;7;4;5.5;105;105;97.75;4
delaunay_n12.graph;4096;12264;.dfs;8;Balance_Big_Parallel;BB;1.0;2878.75;0.24600456621004566;0.21599804305283757;0.23473173515981735;242;215;223.75;6;4;4.75;237;237;219.0;4
delaunay_n12.graph;4096;12264;.dfs;8;Unweighted_Dispersion_Based_Parallel;UDB;1.001.953.125;2985.0;0.2518754076973255;0.23214285714285715;0.2433953033268102;77;75;76.25;6;4;4.75;73;73;71.5;4
delaunay_n12.graph;4096;12264;.dfs;8;Linear_Dispersion_Based_Parallel;LDB;1.001.953.125;2985.0;0.2518754076973255;0.23214285714285715;0.2433953033268102;94;77;82.25;6;3;4.25;88;88;78.0;4
delaunay_n12.graph;4096;12264;.dfs;8;Exponentially_Dispersion_Based_Parallel;EDB;1.001.953.125;2985.0;0.2518754076973255;0.23214285714285715;0.2433953033268102;84;77;80.5;6;3;4.75;78;78;75.75;4
delaunay_n12.graph;4096;12264;.dfs;8;Balance_Big_Dispersion_Based_Parallel;BBDB;1.001.953.125;2842.75;0.24600456621004566;0.21673189823874756;0.23179631441617743;268;214;241.25;9;4;5.75;259;259;235.5;4
delaunay_n12.graph;4096;12264;.dfs;8;Unweighted_Dispersion_Predict;UD;1.0;2990.75;0.25236464448793217;0.2336921069797782;0.24386415525114155;15068;14197;14564.0;12;7;8.75;15056;15056;14555.25;4
delaunay_n12.graph;4096;12264;.dfs;8;Linear_Dispersion_Predict;LD;1.0;2949.0;0.2588878016960209;0.22553816046966732;0.24045988258317025;11962;11873;11915.25;9;5;6.25;11953;11953;11909.0;4
delaunay_n12.graph;4096;12264;.dfs;8;Exponentially_Dispersion_Predict;ED;1.0;2990.0;0.25236464448793217;0.2336921069797782;0.24380300065231572;14922;13812;14193.25;11;6;8.5;14911;14911;14184.75;4
delaunay_n12.graph;4096;12264;.dfs;8;Unweighted_Index_With_Dispersion;UIWD;1.0;2990.75;0.25236464448793217;0.2336921069797782;0.24386415525114155;86;83;84.75;6;4;4.5;82;82;80.25;4
delaunay_n12.graph;4096;12264;.dfs;8;Linear_Index_With_Dispersion;LIWD;1.0;2990.75;0.25236464448793217;0.2336921069797782;0.24386415525114155;95;87;91.0;6;4;5.0;91;91;86.0;4
delaunay_n12.graph;4096;12264;.dfs;8;Exponentially_Index_With_Dispersion;EIWD;1.0;2990.75;0.25236464448793217;0.2336921069797782;0.24386415525114155;95;79;86.0;7;4;5.25;88;88;80.75;4
delaunay_n12.graph;4096;12264;.dfs;8;STC;S;1.0;2990.75;0.25236464448793217;0.2336921069797782;0.24386415525114155;106;68;81.25;6;5;5.75;101;101;75.5;4
delaunay_n12.graph;4096;12264;.dfs;8;Linear_STC;LS;1.0;2990.75;0.25236464448793217;0.2336921069797782;0.24386415525114155;82;66;74.0;6;5;5.25;77;77;68.75;4
delaunay_n12.graph;4096;12264;.dfs;8;Exponentially_STC;ES;1.0;2990.75;0.25236464448793217;0.2336921069797782;0.24386415525114155;99;79;84.75;7;2;4.5;92;92;80.25;4
delaunay_n12.graph;4096;12264;.dfs;16;Hashing;H;1.0;11886.25;0.9702380952380952;0.9675472928897586;0.969198467058056;15;13;14.0;4;2;3.0;12;12;11.0;4
delaunay_n12.graph;4096;12264;.dfs;16;Unweighted_Deterministic_Greedy_Parallel;UDG;100.390.625;3550.0;0.30438682322243965;0.2791095890410959;0.28946510110893675;221;137;169.75;6;4;4.75;217;217;165.0;4
delaunay_n12.graph;4096;12264;.dfs;16;Linear_Deterministic_Greedy_Parallel;LDG;1.0;3509.5;0.2928082191780822;0.27976190476190477;0.2861627527723418;161;146;154.0;5;3;4.0;158;158;150.0;4
delaunay_n12.graph;4096;12264;.dfs;16;Exponentially_Deterministic_Greedy_Parallel;EDG;1.0;3509.5;0.2928082191780822;0.27976190476190477;0.2861627527723418;211;156;175.75;6;3;4.25;207;207;171.5;4
delaunay_n12.graph;4096;12264;.dfs;16;Unweighted_Randomized_Greedy_Parallel;URG;100.390.625;3550.0;0.30438682322243965;0.2791095890410959;0.28946510110893675;266;248;254.25;5;3;3.75;261;261;250.5;4
delaunay_n12.graph;4096;12264;.dfs;16;Linear_Randomized_Greedy_Parallel;LRG;1.0;3509.5;0.2928082191780822;0.27976190476190477;0.2861627527723418;325;293;307.75;9;6;7.75;317;317;300.0;4
delaunay_n12.graph;4096;12264;.dfs;16;Exponentially_Randomized_Greedy_Parallel;ERG;1.0;3509.5;0.2928082191780822;0.27976190476190477;0.2861627527723418;314;294;301.25;8;4;6.5;306;306;294.75;4
delaunay_n12.graph;4096;12264;.dfs;16;Unweighted_Triangles_Parallel;UT;100.390.625;11332.75;0.9307729941291585;0.9178897586431833;0.9240663731245923;162;155;158.75;7;3;4.25;158;158;154.5;4
delaunay_n12.graph;4096;12264;.dfs;16;Linear_Triangles_Parallel;LT;1.0;11338.25;0.9315068493150684;0.9181343770384867;0.9245148401826484;178;155;162.75;6;5;5.5;172;172;157.25;4
delaunay_n12.graph;4096;12264;.dfs;16;Exponentially_Triangles_Parallel;ET;1.0;11338.25;0.9315068493150684;0.9181343770384867;0.9245148401826484;175;158;165.25;6;4;4.75;169;169;160.5;4
delaunay_n12.graph;4096;12264;.dfs;16;Balance_Big_Parallel;BB;1.0;3513.0;0.2896281800391389;0.2791095890410959;0.28644814090019566;334;305;314.75;17;4;9.0;327;327;305.75;4
delaunay_n12.graph;4096;12264;.dfs;16;Unweighted_Dispersion_Based_Parallel;UDB;100.390.625;3550.0;0.30438682322243965;0.2791095890410959;0.28946510110893675;96;87;91.5;5;3;4.5;91;91;87.0;4
delaunay_n12.graph;4096;12264;.dfs;16;Linear_Dispersion_Based_Parallel;LDB;100.390.625;3550.0;0.30438682322243965;0.2791095890410959;0.28946510110893675;113;87;96.25;7;3;4.75;106;106;91.5;4
delaunay_n12.graph;4096;12264;.dfs;16;Exponentially_Dispersion_Based_Parallel;EDB;100.390.625;3550.0;0.30438682322243965;0.2791095890410959;0.28946510110893675;92;87;89.75;7;5;6.0;87;87;83.75;4
delaunay_n12.graph;4096;12264;.dfs;16;Balance_Big_Dispersion_Based_Parallel;BBDB;100.390.625;3487.25;0.2919928245270711;0.27698956294846705;0.2843484996738421;254;230;240.0;8;5;6.5;248;248;233.5;4
delaunay_n12.graph;4096;12264;.dfs;16;Unweighted_Dispersion_Predict;UD;1.0;3509.5;0.2928082191780822;0.27976190476190477;0.2861627527723418;48326;38301;44869.25;17;9;11.5;48309;48309;44857.75;4
delaunay_n12.graph;4096;12264;.dfs;16;Linear_Dispersion_Predict;LD;1.0;3435.75;0.29297129810828443;0.27120026092628835;0.28014921722113506;36390;35926;36081.75;13;8;11.0;36378;36378;36070.75;4
delaunay_n12.graph;4096;12264;.dfs;16;Exponentially_Dispersion_Predict;ED;1.0;3495.5;0.29354207436399216;0.27870189171559034;0.28502120026092626;45905;37167;43259.25;12;6;8.75;45899;45899;43250.5;4
delaunay_n12.graph;4096;12264;.dfs;16;Unweighted_Index_With_Dispersion;UIWD;1.0;3509.5;0.2928082191780822;0.27976190476190477;0.2861627527723418;98;90;94.25;5;5;5.0;93;93;89.25;4
delaunay_n12.graph;4096;12264;.dfs;16;Linear_Index_With_Dispersion;LIWD;1.0;3509.5;0.2928082191780822;0.27976190476190477;0.2861627527723418;95;89;92.0;8;3;5.0;91;91;87.0;4
delaunay_n12.graph;4096;12264;.dfs;16;Exponentially_Index_With_Dispersion;EIWD;1.0;3509.5;0.2928082191780822;0.27976190476190477;0.2861627527723418;100;85;91.5;9;3;6.0;94;94;85.5;4
delaunay_n12.graph;4096;12264;.dfs;16;STC;S;1.0;3509.5;0.2928082191780822;0.27976190476190477;0.2861627527723418;131;116;124.0;5;5;5.0;126;126;119.0;4
delaunay_n12.graph;4096;12264;.dfs;16;Linear_STC;LS;1.0;3509.5;0.2928082191780822;0.27976190476190477;0.2861627527723418;130;111;119.5;5;2;4.0;125;125;115.5;4
delaunay_n12.graph;4096;12264;.dfs;16;Exponentially_STC;ES;1.0;3509.5;0.2928082191780822;0.27976190476190477;0.2861627527723418;131;121;125.0;5;3;4.5;126;126;120.5;4
delaunay_n12.graph;4096;12264;.dfs;32;Hashing;H;1.0;12098.5;0.9870352250489237;0.9860567514677103;0.9865052185257664;14;13;13.5;6;2;3.5;11;11;10.0;4
delaunay_n12.graph;4096;12264;.dfs;32;Unweighted_Deterministic_Greedy_Parallel;UDG;10.078.125;4137.75;0.34458577951728636;0.3212654924983692;0.3373899217221135;186;174;180.5;8;4;6.25;182;182;174.25;4
delaunay_n12.graph;4096;12264;.dfs;32;Linear_Deterministic_Greedy_Parallel;LDG;1.0;4143.0;0.34368884540117417;0.3266470971950424;0.3378180039138943;200;183;188.0;6;4;5.0;194;194;183.0;4
delaunay_n12.graph;4096;12264;.dfs;32;Exponentially_Deterministic_Greedy_Parallel;EDG;1.0;4143.0;0.34368884540117417;0.3266470971950424;0.3378180039138943;211;189;195.5;8;5;5.75;206;206;189.75;4
delaunay_n12.graph;4096;12264;.dfs;32;Unweighted_Randomized_Greedy_Parallel;URG;10.078.125;4137.75;0.34458577951728636;0.3212654924983692;0.3373899217221135;280;275;277.75;7;5;5.75;274;274;272.0;4
delaunay_n12.graph;4096;12264;.dfs;32;Linear_Randomized_Greedy_Parallel;LRG;1.0;4143.0;0.34368884540117417;0.3266470971950424;0.3378180039138943;316;310;313.25;10;5;7.25;310;310;306.0;4
delaunay_n12.graph;4096;12264;.dfs;32;Exponentially_Randomized_Greedy_Parallel;ERG;1.0;4143.0;0.34368884540117417;0.3266470971950424;0.3378180039138943;318;312;314.5;8;6;6.5;310;310;308.0;4
delaunay_n12.graph;4096;12264;.dfs;32;Unweighted_Triangles_Parallel;UT;1.005.859.375;11817.5;0.9662426614481409;0.9604533594259622;0.9635926288323549;197;190;192.25;5;3;3.75;194;194;188.5;4
delaunay_n12.graph;4096;12264;.dfs;32;Linear_Triangles_Parallel;LT;1.0;11818.25;0.9664057403783431;0.9604533594259622;0.9636537834311807;200;187;192.75;6;4;4.5;194;194;188.25;4
delaunay_n12.graph;4096;12264;.dfs;32;Exponentially_Triangles_Parallel;ET;1.0;11818.25;0.9664057403783431;0.9604533594259622;0.9636537834311807;207;191;198.25;6;4;5.0;203;203;193.25;4
delaunay_n12.graph;4096;12264;.dfs;32;Balance_Big_Parallel;BB;1.0;4210.25;0.35233202870189173;0.33235485975212004;0.3433015329419439;347;338;342.0;7;4;6.0;343;343;336.0;4
delaunay_n12.graph;4096;12264;.dfs;32;Unweighted_Dispersion_Based_Parallel;UDB;10.078.125;4137.75;0.34458577951728636;0.3212654924983692;0.3373899217221135;93;85;89.75;6;4;5.0;89;89;84.75;4
delaunay_n12.graph;4096;12264;.dfs;32;Linear_Dispersion_Based_Parallel;LDB;10.078.125;4137.75;0.34458577951728636;0.3212654924983692;0.3373899217221135;108;92;99.75;16;4;7.75;103;103;92.0;4
delaunay_n12.graph;4096;12264;.dfs;32;Exponentially_Dispersion_Based_Parallel;EDB;10.078.125;4137.75;0.34458577951728636;0.3212654924983692;0.3373899217221135;105;89;94.5;20;2;8.5;89;89;86.0;4
delaunay_n12.graph;4096;12264;.dfs;32;Balance_Big_Dispersion_Based_Parallel;BBDB;10.078.125;4223.75;0.35086431833007176;0.339041095890411;0.34440231572080887;268;251;260.5;9;4;6.0;264;264;254.5;4
delaunay_n12.graph;4096;12264;.dfs;32;Unweighted_Dispersion_Predict;UD;1.0;4143.0;0.34368884540117417;0.3266470971950424;0.3378180039138943;134999;114410;125195.75;21;12;16.25;134984;134984;125179.5;4
delaunay_n12.graph;4096;12264;.dfs;32;Linear_Dispersion_Predict;LD;1.0;4066.75;0.34059034572733204;0.32257012393998696;0.33160061969993476;124055;116205;119169.5;16;13;14.5;124040;124040;119155.0;4
delaunay_n12.graph;4096;12264;.dfs;32;Exponentially_Dispersion_Predict;ED;1.0;4119.0;0.3440150032615786;0.32379321591650356;0.3358610567514677;131839;110135;118116.5;23;16;20.0;131818;131818;118096.5;4
delaunay_n12.graph;4096;12264;.dfs;32;Unweighted_Index_With_Dispersion;UIWD;1.0;4143.0;0.34368884540117417;0.3266470971950424;0.3378180039138943;104;95;97.75;5;4;4.25;99;99;93.5;4
delaunay_n12.graph;4096;12264;.dfs;32;Linear_Index_With_Dispersion;LIWD;1.0;4143.0;0.34368884540117417;0.3266470971950424;0.3378180039138943;97;92;94.25;10;3;6.25;90;90;88.0;4
delaunay_n12.graph;4096;12264;.dfs;32;Exponentially_Index_With_Dispersion;EIWD;1.0;4143.0;0.34368884540117417;0.3266470971950424;0.3378180039138943;101;91;96.0;5;3;4.5;96;96;91.5;4
delaunay_n12.graph;4096;12264;.dfs;32;STC;S;1.0;4143.0;0.34368884540117417;0.3266470971950424;0.3378180039138943;155;148;152.0;9;4;5.75;150;150;146.25;4
delaunay_n12.graph;4096;12264;.dfs;32;Linear_STC;LS;1.0;4143.0;0.34368884540117417;0.3266470971950424;0.3378180039138943;167;148;156.5;6;4;5.5;161;161;151.0;4
delaunay_n12.graph;4096;12264;.dfs;32;Exponentially_STC;ES;1.0;4143.0;0.34368884540117417;0.3266470971950424;0.3378180039138943;175;150;162.0;6;5;5.75;169;169;156.25;4
delaunay_n12.graph;4096;12264;.dfs;64;Hashing;H;1.0;12198.5;0.9948630136986302;0.9944553163731246;0.9946591650358774;14;14;14.0;5;2;3.0;12;12;11.0;4
delaunay_n12.graph;4096;12264;.dfs;64;Unweighted_Deterministic_Greedy_Parallel;UDG;1.015.625;4745.25;0.39465101108936723;0.3792400521852577;0.3869251467710372;218;198;208.25;6;4;5.0;213;213;203.25;4
delaunay_n12.graph;4096;12264;.dfs;64;Linear_Deterministic_Greedy_Parallel;LDG;1.0;4808.0;0.4014187866927593;0.38258317025440314;0.3920417482061318;227;209;216.5;15;4;7.5;222;222;209.0;4
delaunay_n12.graph;4096;12264;.dfs;64;Exponentially_Deterministic_Greedy_Parallel;EDG;1.0;4808.0;0.4014187866927593;0.38258317025440314;0.3920417482061318;243;213;221.0;7;5;6.0;238;238;215.0;4
delaunay_n12.graph;4096;12264;.dfs;64;Unweighted_Randomized_Greedy_Parallel;URG;1.015.625;4745.25;0.39465101108936723;0.3792400521852577;0.3869251467710372;331;319;326.25;8;5;6.25;326;326;320.0;4
delaunay_n12.graph;4096;12264;.dfs;64;Linear_Randomized_Greedy_Parallel;LRG;1.0;4808.0;0.4014187866927593;0.38258317025440314;0.3920417482061318;397;388;393.0;11;5;7.75;392;392;385.25;4
delaunay_n12.graph;4096;12264;.dfs;64;Exponentially_Randomized_Greedy_Parallel;ERG;1.0;4808.0;0.4014187866927593;0.38258317025440314;0.3920417482061318;400;387;396.0;7;5;5.75;395;395;390.25;4
delaunay_n12.graph;4096;12264;.dfs;64;Unweighted_Triangles_Parallel;UT;1.015.625;12106.5;0.9894814090019569;0.9845890410958904;0.9871575342465754;220;213;215.25;5;3;4.5;215;215;210.75;4
delaunay_n12.graph;4096;12264;.dfs;64;Linear_Triangles_Parallel;LT;1.0;12108.25;0.9895629484670581;0.9842628832354859;0.9873002283105022;223;210;216.25;6;3;4.25;219;219;212.0;4
delaunay_n12.graph;4096;12264;.dfs;64;Exponentially_Triangles_Parallel;ET;1.0;12108.25;0.9895629484670581;0.9842628832354859;0.9873002283105022;227;216;223.5;9;3;5.75;223;223;217.75;4
delaunay_n12.graph;4096;12264;.dfs;64;Balance_Big_Parallel;BB;1.0;4892.5;0.40834964122635353;0.3909817351598174;0.3989318330071755;364;343;353.5;7;4;4.75;357;357;348.75;4
delaunay_n12.graph;4096;12264;.dfs;64;Unweighted_Dispersion_Based_Parallel;UDB;1.015.625;4745.25;0.39465101108936723;0.3792400521852577;0.3869251467710372;95;92;93.75;8;4;6.0;91;91;87.75;4
delaunay_n12.graph;4096;12264;.dfs;64;Linear_Dispersion_Based_Parallel;LDB;1.015.625;4745.25;0.39465101108936723;0.3792400521852577;0.3869251467710372;101;95;97.25;5;2;4.0;99;99;93.25;4
delaunay_n12.graph;4096;12264;.dfs;64;Exponentially_Dispersion_Based_Parallel;EDB;1.015.625;4745.25;0.39465101108936723;0.3792400521852577;0.3869251467710372;96;91;93.75;8;4;6.75;91;91;87.0;4
delaunay_n12.graph;4096;12264;.dfs;64;Balance_Big_Dispersion_Based_Parallel;BBDB;1.015.625;4828.25;0.40737116764514025;0.3767123287671233;0.3936929223744292;268;256;262.75;7;7;7.0;261;261;255.75;4
delaunay_n12.graph;4096;12264;.dfs;64;Unweighted_Dispersion_Predict;UD;1.0;4808.0;0.4014187866927593;0.38258317025440314;0.3920417482061318;262604;255083;258232.0;26;11;20.25;262583;262583;258211.75;4
delaunay_n12.graph;4096;12264;.dfs;64;Linear_Dispersion_Predict;LD;1.0;4742.5;0.3917971298108284;0.3811969993476843;0.38670091324200917;254646;245904;250656.0;30;21;25.75;254616;254616;250630.25;4
delaunay_n12.graph;4096;12264;.dfs;64;Exponentially_Dispersion_Predict;ED;1.0;4825.0;0.40027723418134376;0.3850293542074364;0.39342791911285063;227376;215783;220897.25;26;15;19.75;227350;227350;220877.5;4
delaunay_n12.graph;4096;12264;.dfs;64;Unweighted_Index_With_Dispersion;UIWD;1.0;4808.0;0.4014187866927593;0.38258317025440314;0.3920417482061318;103;96;98.75;7;2;5.0;97;97;93.75;4
delaunay_n12.graph;4096;12264;.dfs;64;Linear_Index_With_Dispersion;LIWD;1.0;4808.0;0.4014187866927593;0.38258317025440314;0.3920417482061318;109;96;99.75;7;2;4.0;105;105;95.75;4
delaunay_n12.graph;4096;12264;.dfs;64;Exponentially_Index_With_Dispersion;EIWD;1.0;4808.0;0.4014187866927593;0.38258317025440314;0.3920417482061318;110;96;100.25;5;2;4.25;105;105;96.0;4
delaunay_n12.graph;4096;12264;.dfs;64;STC;S;1.0;4808.0;0.4014187866927593;0.38258317025440314;0.3920417482061318;215;204;209.5;6;3;4.25;211;211;205.25;4
delaunay_n12.graph;4096;12264;.dfs;64;Linear_STC;LS;1.0;4808.0;0.4014187866927593;0.38258317025440314;0.3920417482061318;240;213;227.0;6;4;5.0;235;235;222.0;4
delaunay_n12.graph;4096;12264;.dfs;64;Exponentially_STC;ES;1.0;4808.0;0.4014187866927593;0.38258317025440314;0.3920417482061318;233;208;216.75;8;4;5.5;229;229;211.25;4
delaunay_n12.graph;4096;12264;.dfs;128;Hashing;H;1.0;12239.0;0.9984507501630789;0.9976353555120678;0.9979615133724723;16;14;14.75;6;2;3.75;13;13;11.0;4
delaunay_n12.graph;4096;12264;.dfs;128;Unweighted_Deterministic_Greedy_Parallel;UDG;103.125;5495.25;0.4540932811480757;0.43941617742987604;0.4480797455968689;325;249;271.0;9;4;6.0;319;319;265.0;4
delaunay_n12.graph;4096;12264;.dfs;128;Linear_Deterministic_Greedy_Parallel;LDG;1.0;5654.75;0.46844422700587085;0.4535225048923679;0.4610852902804958;268;252;262.0;5;3;4.25;263;263;257.75;4
delaunay_n12.graph;4096;12264;.dfs;128;Exponentially_Deterministic_Greedy_Parallel;EDG;1.0;5654.75;0.46844422700587085;0.4535225048923679;0.4610852902804958;290;260;269.75;13;4;6.75;277;277;263.0;4
delaunay_n12.graph;4096;12264;.dfs;128;Unweighted_Randomized_Greedy_Parallel;URG;103.125;5495.25;0.4540932811480757;0.43941617742987604;0.4480797455968689;423;396;404.0;9;5;6.75;416;416;397.25;4
delaunay_n12.graph;4096;12264;.dfs;128;Linear_Randomized_Greedy_Parallel;LRG;1.0;5654.75;0.46844422700587085;0.4535225048923679;0.4610852902804958;535;507;516.25;28;5;12.5;511;511;503.75;4
delaunay_n12.graph;4096;12264;.dfs;128;Exponentially_Randomized_Greedy_Parallel;ERG;1.0;5654.75;0.46844422700587085;0.4535225048923679;0.4610852902804958;509;502;505.75;9;6;7.5;501;501;498.25;4
delaunay_n12.graph;4096;12264;.dfs;128;Unweighted_Triangles_Parallel;UT;103.125;12185.5;0.9956784083496413;0.9903783431180692;0.993599151989563;270;263;266.25;8;4;6.5;263;263;259.75;4
delaunay_n12.graph;4096;12264;.dfs;128;Linear_Triangles_Parallel;LT;1.0;12187.5;0.9957599478147423;0.9906229615133725;0.9937622309197651;265;256;260.75;9;4;6.25;258;258;254.5;4
delaunay_n12.graph;4096;12264;.dfs;128;Exponentially_Triangles_Parallel;ET;1.0;12187.5;0.9957599478147423;0.9906229615133725;0.9937622309197651;280;272;276.0;13;4;8.0;276;276;268.0;4
delaunay_n12.graph;4096;12264;.dfs;128;Balance_Big_Parallel;BB;1.0;5742.25;0.4714611872146119;0.46420417482061316;0.4682199934768428;413;398;404.0;8;5;6.5;406;406;397.5;4
delaunay_n12.graph;4096;12264;.dfs;128;Unweighted_Dispersion_Based_Parallel;UDB;103.125;5495.25;0.4540932811480757;0.43941617742987604;0.4480797455968689;115;98;105.0;8;4;5.5;111;111;99.5;4
delaunay_n12.graph;4096;12264;.dfs;128;Linear_Dispersion_Based_Parallel;LDB;103.125;5495.25;0.4540932811480757;0.43941617742987604;0.4480797455968689;110;102;104.0;8;4;5.5;102;102;98.5;4
delaunay_n12.graph;4096;12264;.dfs;128;Exponentially_Dispersion_Based_Parallel;EDB;103.125;5495.25;0.4540932811480757;0.43941617742987604;0.4480797455968689;103;99;101.75;5;3;4.25;100;100;97.5;4
delaunay_n12.graph;4096;12264;.dfs;128;Balance_Big_Dispersion_Based_Parallel;BBDB;103.125;5609.5;0.46395955642530984;0.4512393998695369;0.4573956294846706;271;260;266.75;8;3;5.5;266;266;261.25;4
delaunay_n12.graph;4096;12264;.dfs;128;Unweighted_Dispersion_Predict;UD;1.0;5654.75;0.46844422700587085;0.4535225048923679;0.4610852902804958;582641;535246;555740.25;33;18;26.0;582612;582612;555714.25;4
delaunay_n12.graph;4096;12264;.dfs;128;Linear_Dispersion_Predict;LD;1.0;5582.5;0.4617579908675799;0.44561317677756035;0.4551940639269406;547998;528047;538113.0;30;20;25.5;547978;547978;538087.5;4
delaunay_n12.graph;4096;12264;.dfs;128;Exponentially_Dispersion_Predict;ED;1.0;5582.5;0.4617579908675799;0.44561317677756035;0.4551940639269406;550122;532333;538808.25;29;19;23.75;550093;550093;538784.5;4
delaunay_n12.graph;4096;12264;.dfs;128;Unweighted_Index_With_Dispersion;UIWD;1.0;5654.75;0.46844422700587085;0.4535225048923679;0.4610852902804958;115;107;109.75;6;4;4.75;111;111;105.0;4
delaunay_n12.graph;4096;12264;.dfs;128;Linear_Index_With_Dispersion;LIWD;1.0;5654.75;0.46844422700587085;0.4535225048923679;0.4610852902804958;116;105;109.0;7;5;6.0;110;110;103.0;4
delaunay_n12.graph;4096;12264;.dfs;128;Exponentially_Index_With_Dispersion;EIWD;1.0;5654.75;0.46844422700587085;0.4535225048923679;0.4610852902804958;124;107;112.5;6;3;4.5;118;118;108.0;4
delaunay_n12.graph;4096;12264;.dfs;128;STC;S;1.0;5654.75;0.46844422700587085;0.4535225048923679;0.4610852902804958;290;279;283.25;9;6;7.25;284;284;276.0;4
delaunay_n12.graph;4096;12264;.dfs;128;Linear_STC;LS;1.0;5654.75;0.46844422700587085;0.4535225048923679;0.4610852902804958;292;273;287.0;7;6;6.25;286;286;280.75;4
delaunay_n12.graph;4096;12264;.dfs;128;Exponentially_STC;ES;1.0;5654.75;0.46844422700587085;0.4535225048923679;0.4610852902804958;297;282;289.75;9;4;5.75;288;288;284.0;4
GraphName;TotalNodes;TotalEdges;OrderingType;K;CompleteHeuristicName;HeuristicName;NormalizedLoad;CuttedEdges;MaxCuttedEdgesRatio;MinCuttedEdgesRatio;CuttedEdgesRatio;MaxTime;MinTime;AvgTime;MaxIOTime;MinIOTime;AvgIOTime;MaxPartitioningTime;MinPartitioningTime;AvgPartitioningTime;IterationTime
delaunay_n12.graph;4096;12264;.rnd;2;Hashing;H;1.0;6157.25;0.5108447488584474;0.49502609262883235;0.502058871493803;19;15;16.5;7;4;5.0;13;13;11.5;4
delaunay_n12.graph;4096;12264;.rnd;2;Unweighted_Deterministic_Greedy_Parallel;UDG;10.003.662.109.375;2373.5;0.20132093933463796;0.182648401826484;0.19353392041748205;51;37;43.5;6;3;4.75;48;48;38.75;4
delaunay_n12.graph;4096;12264;.rnd;2;Linear_Deterministic_Greedy_Parallel;LDG;1.0;2365.5;0.20132093933463796;0.18199608610567514;0.1928816046966732;60;49;52.5;5;3;4.25;55;55;48.25;4
delaunay_n12.graph;4096;12264;.rnd;2;Exponentially_Deterministic_Greedy_Parallel;EDG;1.0;2375.5;0.20132093933463796;0.1832191780821918;0.19369699934768428;57;34;42.0;7;4;5.5;50;50;36.5;4
delaunay_n12.graph;4096;12264;.rnd;2;Unweighted_Randomized_Greedy_Parallel;URG;100.048.828.125;4335.5;0.37010763209393344;0.341324200913242;0.3535143509458578;67;48;59.5;14;3;6.75;58;58;52.75;4
delaunay_n12.graph;4096;12264;.rnd;2;Linear_Randomized_Greedy_Parallel;LRG;1.0;4336.75;0.370515329419439;0.34148727984344424;0.35361627527723416;64;47;54.5;5;3;3.75;59;59;50.75;4
delaunay_n12.graph;4096;12264;.rnd;2;Exponentially_Randomized_Greedy_Parallel;ERG;1.0;4336.75;0.370515329419439;0.34148727984344424;0.35361627527723416;74;54;61.75;5;3;3.5;71;71;58.25;4
delaunay_n12.graph;4096;12264;.rnd;2;Unweighted_Triangles_Parallel;UT;1.000.244.140.625;4428.5;0.3642367906066536;0.3539628180039139;0.3610975212002609;53;36;47.0;6;3;4.25;50;50;42.75;4
delaunay_n12.graph;4096;12264;.rnd;2;Linear_Triangles_Parallel;LT;1.0;4427.25;0.3640737116764514;0.3544520547945205;0.36099559686888455;50;35;41.75;5;4;4.25;46;46;37.5;4
delaunay_n12.graph;4096;12264;.rnd;2;Exponentially_Triangles_Parallel;ET;1.0;4429.75;0.3641552511415525;0.3544520547945205;0.3611994455316373;42;33;36.75;6;3;4.5;36;36;32.25;4
delaunay_n12.graph;4096;12264;.rnd;2;Balance_Big_Parallel;BB;1.0;2381.0;0.20132093933463796;0.18411611219830398;0.19414546640574037;225;165;201.25;7;5;6.0;219;219;195.25;4
delaunay_n12.graph;4096;12264;.rnd;2;Unweighted_Dispersion_Based_Parallel;UDB;10.003.662.109.375;2408.75;0.20384866275277233;0.18770384866275278;0.19640818656229614;97;89;93.0;5;3;4.0;92;92;89.0;4
delaunay_n12.graph;4096;12264;.rnd;2;Linear_Dispersion_Based_Parallel;LDB;10.001.220.703.125;2405.0;0.20205479452054795;0.18770384866275278;0.196102413568167;119;90;98.5;6;4;5.5;113;113;93.0;4
delaunay_n12.graph;4096;12264;.rnd;2;Exponentially_Dispersion_Based_Parallel;EDB;100.048.828.125;2415.25;0.20270711024135682;0.18819308545335942;0.19693819308545335;113;91;102.0;7;3;4.75;110;110;97.25;4
delaunay_n12.graph;4096;12264;.rnd;2;Balance_Big_Dispersion_Based_Parallel;BBDB;10.001.220.703.125;2420.0;0.2014840182648402;0.18900848010437052;0.19732550554468364;252;226;237.0;7;4;6.0;248;248;231.0;4
delaunay_n12.graph;4096;12264;.rnd;2;Unweighted_Dispersion_Predict;UD;1.0;2365.5;0.1988747553816047;0.18639921722113503;0.1928816046966732;2215;2158;2176.0;12;5;8.0;2208;2208;2168.0;4
delaunay_n12.graph;4096;12264;.rnd;2;Linear_Dispersion_Predict;LD;1.0;2371.75;0.2014840182648402;0.18044683626875407;0.19339122635355513;2164;2151;2157.75;10;5;8.0;2154;2154;2149.75;4
delaunay_n12.graph;4096;12264;.rnd;2;Exponentially_Dispersion_Predict;ED;1.0;2365.5;0.1988747553816047;0.18639921722113503;0.1928816046966732;2213;2160;2180.0;9;4;5.75;2209;2209;2174.25;4
delaunay_n12.graph;4096;12264;.rnd;2;Unweighted_Index_With_Dispersion;UIWD;1.0;2366.75;0.1989562948467058;0.18175146771037182;0.19298352902804958;113;95;102.25;5;3;4.5;108;108;97.75;4
delaunay_n12.graph;4096;12264;.rnd;2;Linear_Index_With_Dispersion;LIWD;1.0;2388.75;0.20140247879973908;0.18574690150032616;0.194777397260274;133;102;121.75;8;4;5.5;126;126;116.25;4
delaunay_n12.graph;4096;12264;.rnd;2;Exponentially_Index_With_Dispersion;EIWD;1.0;2388.75;0.20132093933463796;0.1860730593607306;0.194777397260274;120;94;103.75;22;4;9.5;98;98;94.25;4
delaunay_n12.graph;4096;12264;.rnd;2;STC;S;1.0;2354.75;0.1988747553816047;0.18305609915198956;0.19200505544683627;65;45;57.25;8;3;4.75;61;61;52.5;4
delaunay_n12.graph;4096;12264;.rnd;2;Linear_STC;LS;1.0;2344.75;0.1988747553816047;0.18183300717547293;0.19118966079582517;81;48;71.5;6;4;5.0;77;77;66.5;4
delaunay_n12.graph;4096;12264;.rnd;2;Exponentially_STC;ES;1.0;2354.75;0.1988747553816047;0.18305609915198956;0.19200505544683627;84;53;71.25;7;4;5.25;77;77;66.0;4
delaunay_n12.graph;4096;12264;.rnd;4;Hashing;H;1.0;9198.75;0.7614970645792564;0.7418460534898891;0.7500611545988258;29;27;27.75;8;3;5.75;24;24;22.0;4
delaunay_n12.graph;4096;12264;.rnd;4;Unweighted_Deterministic_Greedy_Parallel;UDG;10.009.765.625;3711.5;0.3084637964774951;0.2983529028049576;0.30263372472276584;111;88;94.75;6;3;4.75;108;108;90.0;4
delaunay_n12.graph;4096;12264;.rnd;4;Linear_Deterministic_Greedy_Parallel;LDG;1.0;3714.5;0.30805609915198956;0.29810828440965426;0.30287834311806916;99;83;90.0;9;4;5.75;90;90;84.25;4
delaunay_n12.graph;4096;12264;.rnd;4;Exponentially_Deterministic_Greedy_Parallel;EDG;1.0;3716.25;0.3090345727332029;0.29867906066536204;0.3030210371819961;96;83;91.75;8;5;6.5;90;90;85.25;4
delaunay_n12.graph;4096;12264;.rnd;4;Unweighted_Randomized_Greedy_Parallel;URG;10.009.765.625;5784.25;0.4819797782126549;0.4632257012393999;0.4716446510110894;171;131;152.5;7;5;5.5;166;166;147.0;4
delaunay_n12.graph;4096;12264;.rnd;4;Linear_Randomized_Greedy_Parallel;LRG;1.0;5789.75;0.48238747553816047;0.46387801696020875;0.47209311806914545;185;146;171.0;9;4;6.75;176;176;164.25;4
delaunay_n12.graph;4096;12264;.rnd;4;Exponentially_Randomized_Greedy_Parallel;ERG;1.0;5789.75;0.48238747553816047;0.46387801696020875;0.47209311806914545;206;159;179.5;7;4;5.0;202;202;174.5;4
delaunay_n12.graph;4096;12264;.rnd;4;Unweighted_Triangles_Parallel;UT;10.009.765.625;6942.5;0.5723255055446836;0.5600130463144162;0.5660877364644488;103;82;91.0;7;5;6.0;98;98;85.0;4
delaunay_n12.graph;4096;12264;.rnd;4;Linear_Triangles_Parallel;LT;1.0;6943.25;0.5724885844748858;0.5597684279191129;0.5661488910632746;123;98;105.25;8;3;5.0;118;118;100.25;4
delaunay_n12.graph;4096;12264;.rnd;4;Exponentially_Triangles_Parallel;ET;1.0;6944.25;0.5724885844748858;0.559931506849315;0.5662304305283757;141;82;114.75;8;4;6.0;133;133;108.75;4
delaunay_n12.graph;4096;12264;.rnd;4;Balance_Big_Parallel;BB;1.0;3709.5;0.30805609915198956;0.2959067188519243;0.3024706457925636;244;206;223.75;7;3;4.25;241;241;219.5;4
delaunay_n12.graph;4096;12264;.rnd;4;Unweighted_Dispersion_Based_Parallel;UDB;10.009.765.625;3778.5;0.3119699934768428;0.30430528375733856;0.30809686888454013;113;89;100.0;6;3;4.5;108;108;95.5;4
delaunay_n12.graph;4096;12264;.rnd;4;Linear_Dispersion_Based_Parallel;LDB;1.000.732.421.875;3731.5;0.3111545988258317;0.29982061317677755;0.304264514024788;134;101;115.75;8;3;5.75;126;126;110.0;4
delaunay_n12.graph;4096;12264;.rnd;4;Exponentially_Dispersion_Based_Parallel;EDB;10.009.765.625;3746.5;0.312133072407045;0.2999836921069798;0.30548760600130465;108;100;104.5;7;3;5.0;105;105;99.5;4
delaunay_n12.graph;4096;12264;.rnd;4;Balance_Big_Dispersion_Based_Parallel;BBDB;10.009.765.625;3781.0;0.3110730593607306;0.3064253098499674;0.3083007175472929;238;231;235.0;11;4;6.0;233;233;229.0;4
delaunay_n12.graph;4096;12264;.rnd;4;Unweighted_Dispersion_Predict;UD;1.0;4724.25;0.4098173515981735;0.3578767123287671;0.3852128180039139;11257;10959;11074.0;20;4;9.25;11252;11252;11064.75;4
delaunay_n12.graph;4096;12264;.rnd;4;Linear_Dispersion_Predict;LD;1.0;5443.75;0.46819960861056753;0.4280821917808219;0.44388046314416174;11111;10908;10984.0;12;7;9.5;11104;11104;10974.5;4
delaunay_n12.graph;4096;12264;.rnd;4;Exponentially_Dispersion_Predict;ED;1.0;4784.25;0.41446510110893675;0.3659491193737769;0.39010518590998045;11467;11173;11264.75;9;5;7.25;11458;11458;11257.5;4
delaunay_n12.graph;4096;12264;.rnd;4;Unweighted_Index_With_Dispersion;UIWD;1.0;3721.0;0.3094422700587084;0.2985159817351598;0.3034083496412263;104;102;102.75;7;4;5.75;99;99;97.0;4
delaunay_n12.graph;4096;12264;.rnd;4;Linear_Index_With_Dispersion;LIWD;1.0;3707.75;0.3094422700587084;0.2973744292237443;0.30232795172863663;107;95;100.75;8;3;5.5;99;99;95.25;4
delaunay_n12.graph;4096;12264;.rnd;4;Exponentially_Index_With_Dispersion;EIWD;1.0;3722.5;0.3102576647097195;0.2992498369210698;0.30353065883887803;118;102;106.5;8;4;5.5;113;113;101.0;4
delaunay_n12.graph;4096;12264;.rnd;4;STC;S;1.0;3706.0;0.30699608610567514;0.297129810828441;0.3021852576647097;101;79;86.0;8;4;5.5;93;93;80.5;4
delaunay_n12.graph;4096;12264;.rnd;4;Linear_STC;LS;1.0;3700.75;0.30618069145466403;0.29639595564253096;0.3017571754729289;88;80;83.0;5;3;4.0;83;83;79.0;4
delaunay_n12.graph;4096;12264;.rnd;4;Exponentially_STC;ES;1.0;3706.0;0.30699608610567514;0.297129810828441;0.3021852576647097;98;76;85.75;6;3;4.25;92;92;81.5;4
delaunay_n12.graph;4096;12264;.rnd;8;Hashing;H;1.0;10707.75;0.8807893020221788;0.8688030006523157;0.8731042074363993;16;15;15.25;5;3;4.0;12;12;11.25;4
delaunay_n12.graph;4096;12264;.rnd;8;Unweighted_Deterministic_Greedy_Parallel;UDG;1.001.953.125;4572.25;0.3785877364644488;0.3632583170254403;0.3728188193085453;145;117;126.75;6;3;4.5;140;140;122.25;4
delaunay_n12.graph;4096;12264;.rnd;8;Linear_Deterministic_Greedy_Parallel;LDG;1.0;4581.5;0.3793215916503588;0.3642367906066536;0.3735730593607306;143;107;123.5;7;3;5.0;136;136;118.5;4
delaunay_n12.graph;4096;12264;.rnd;8;Exponentially_Deterministic_Greedy_Parallel;EDG;1.0;4585.0;0.379484670580561;0.3642367906066536;0.3738584474885845;140;105;117.0;9;4;6.25;136;136;110.75;4
delaunay_n12.graph;4096;12264;.rnd;8;Unweighted_Randomized_Greedy_Parallel;URG;1.001.953.125;6423.75;0.5335127201565558;0.516470971950424;0.5237891389432485;232;180;205.5;8;4;5.75;224;224;199.75;4
delaunay_n12.graph;4096;12264;.rnd;8;Linear_Randomized_Greedy_Parallel;LRG;1.0;6434.25;0.5335942596216569;0.5170417482061318;0.5246453033268101;247;192;214.75;8;4;5.5;243;243;209.25;4
delaunay_n12.graph;4096;12264;.rnd;8;Exponentially_Randomized_Greedy_Parallel;ERG;1.0;6434.25;0.5335942596216569;0.5170417482061318;0.5246453033268101;244;203;221.0;23;4;9.75;239;239;211.25;4
delaunay_n12.graph;4096;12264;.rnd;8;Unweighted_Triangles_Parallel;UT;1.001.953.125;8780.0;0.7255381604696673;0.7060502283105022;0.7159165035877364;134;103;115.25;8;3;6.0;127;127;109.25;4
delaunay_n12.graph;4096;12264;.rnd;8;Linear_Triangles_Parallel;LT;1.0;8782.75;0.7259458577951728;0.7063763861709067;0.7161407371167645;149;113;125.0;8;3;5.5;143;143;119.5;4
delaunay_n12.graph;4096;12264;.rnd;8;Exponentially_Triangles_Parallel;ET;1.0;8783.75;0.7262720156555773;0.7063763861709067;0.7162222765818655;124;106;117.25;7;3;4.25;120;120;113.0;4
delaunay_n12.graph;4096;12264;.rnd;8;Balance_Big_Parallel;BB;1.0;4597.25;0.3793215916503588;0.36945531637312456;0.374857305936073;258;225;237.25;6;3;4.75;252;252;232.5;4
delaunay_n12.graph;4096;12264;.rnd;8;Unweighted_Dispersion_Based_Parallel;UDB;1.001.953.125;4606.0;0.3785877364644488;0.37377690802348335;0.3755707762557078;123;85;101.75;4;2;3.5;119;119;98.25;4
delaunay_n12.graph;4096;12264;.rnd;8;Linear_Dispersion_Based_Parallel;LDB;1.001.953.125;4581.75;0.37516307893020223;0.36994455316373126;0.37359344422700586;138;96;108.75;5;4;4.5;133;133;104.25;4
delaunay_n12.graph;4096;12264;.rnd;8;Exponentially_Dispersion_Based_Parallel;EDB;1.001.953.125;4595.5;0.3778538812785388;0.3713307240704501;0.3747146118721461;108;99;103.25;6;4;4.5;102;102;98.75;4
delaunay_n12.graph;4096;12264;.rnd;8;Balance_Big_Dispersion_Based_Parallel;BBDB;100.146.484.375;4612.0;0.37801696020874104;0.3730430528375734;0.3760600130463144;284;260;266.75;10;6;7.25;278;278;259.5;4
delaunay_n12.graph;4096;12264;.rnd;8;Unweighted_Dispersion_Predict;UD;1.0;3319.75;0.2756849315068493;0.26386170906718853;0.2706906392694064;32453;31790;32122.25;13;5;8.0;32447;32447;32114.25;4
delaunay_n12.graph;4096;12264;.rnd;8;Linear_Dispersion_Predict;LD;1.0;5235.25;0.44536855838225703;0.403457273320287;0.42687948467058057;31345;30308;30934.75;15;5;10.0;31330;31330;30924.75;4
delaunay_n12.graph;4096;12264;.rnd;8;Exponentially_Dispersion_Predict;ED;1.0;3578.0;0.29704827136333983;0.2855512067840835;0.2917482061317678;33303;32249;32632.0;11;8;9.5;33295;33295;32622.5;4
delaunay_n12.graph;4096;12264;.rnd;8;Unweighted_Index_With_Dispersion;UIWD;1.0;4568.5;0.37630463144161774;0.3678245270711024;0.3725130463144162;111;105;107.25;5;3;3.5;106;106;103.75;4
delaunay_n12.graph;4096;12264;.rnd;8;Linear_Index_With_Dispersion;LIWD;1.0;4578.25;0.3758969341161122;0.3685583822570124;0.37330805609915196;116;100;108.25;7;5;5.75;109;109;102.5;4
delaunay_n12.graph;4096;12264;.rnd;8;Exponentially_Index_With_Dispersion;EIWD;1.0;4572.75;0.38030006523157206;0.3668460534898891;0.37285958904109584;124;103;110.75;8;3;5.5;116;116;105.25;4
delaunay_n12.graph;4096;12264;.rnd;8;STC;S;1.0;4584.25;0.3811969993476843;0.3639921722113503;0.37379729288975866;124;115;117.5;8;3;5.75;118;118;111.75;4
delaunay_n12.graph;4096;12264;.rnd;8;Linear_STC;LS;1.0;4578.5;0.3804631441617743;0.3640737116764514;0.3733284409654273;133;115;122.0;7;3;4.75;126;126;117.25;4
delaunay_n12.graph;4096;12264;.rnd;8;Exponentially_STC;ES;1.0;4583.0;0.38078930202217876;0.3639921722113503;0.37369536855838226;137;119;126.25;9;3;6.0;134;134;120.25;4
delaunay_n12.graph;4096;12264;.rnd;16;Hashing;H;1.0;11491.75;0.9384377038486628;0.9350945857795173;0.9370311480756686;15;15;15.0;5;3;4.0;12;12;11.0;4
delaunay_n12.graph;4096;12264;.rnd;16;Unweighted_Deterministic_Greedy_Parallel;UDG;100.390.625;4933.25;0.4069634703196347;0.39995107632093935;0.4022545662100457;188;151;162.0;7;4;5.5;183;183;156.5;4
delaunay_n12.graph;4096;12264;.rnd;16;Linear_Deterministic_Greedy_Parallel;LDG;1.0;4960.5;0.4087573385518591;0.4021526418786693;0.4044765166340509;162;152;159.0;6;4;4.75;158;158;154.25;4
delaunay_n12.graph;4096;12264;.rnd;16;Exponentially_Deterministic_Greedy_Parallel;EDG;1.0;4958.0;0.40916503587736464;0.40198956294846705;0.4042726679712981;171;158;163.0;6;4;4.5;165;165;158.5;4
delaunay_n12.graph;4096;12264;.rnd;16;Unweighted_Randomized_Greedy_Parallel;URG;100.390.625;6707.25;0.5535714285714286;0.5392204827136334;0.5469055772994129;322;280;293.5;11;5;7.75;316;316;285.75;4
delaunay_n12.graph;4096;12264;.rnd;16;Linear_Randomized_Greedy_Parallel;LRG;1.0;6723.25;0.5537345075016308;0.5400358773646445;0.5482102087410307;318;305;309.25;8;4;5.25;310;310;304.0;4
delaunay_n12.graph;4096;12264;.rnd;16;Exponentially_Randomized_Greedy_Parallel;ERG;1.0;6723.25;0.5537345075016308;0.5400358773646445;0.5482102087410307;322;303;310.25;9;5;6.75;313;313;303.5;4
delaunay_n12.graph;4096;12264;.rnd;16;Unweighted_Triangles_Parallel;UT;100.390.625;10249.5;0.8384703196347032;0.8335779517286367;0.835738747553816;178;158;166.5;7;3;4.75;175;175;161.75;4
delaunay_n12.graph;4096;12264;.rnd;16;Linear_Triangles_Parallel;LT;1.0;10255.5;0.8388780169602087;0.8343118069145466;0.8362279843444227;196;156;171.75;7;4;5.25;192;192;166.5;4
delaunay_n12.graph;4096;12264;.rnd;16;Exponentially_Triangles_Parallel;ET;1.0;10255.75;0.8388780169602087;0.8343118069145466;0.836248369210698;172;157;163.5;6;3;5.25;166;166;158.25;4
delaunay_n12.graph;4096;12264;.rnd;16;Balance_Big_Parallel;BB;1.0;4957.5;0.4087573385518591;0.39644487932159167;0.40423189823874756;317;304;308.0;6;4;5.0;313;313;303.0;4
delaunay_n12.graph;4096;12264;.rnd;16;Unweighted_Dispersion_Based_Parallel;UDB;100.390.625;5003.75;0.41169275929549903;0.4042726679712981;0.40800309849967387;126;107;114.75;6;3;4.5;120;120;110.25;4
delaunay_n12.graph;4096;12264;.rnd;16;Linear_Dispersion_Based_Parallel;LDB;100.390.625;4990.5;0.4105512067840835;0.40280495759947815;0.40692270058708413;121;106;112.75;8;3;5.5;115;115;107.25;4
delaunay_n12.graph;4096;12264;.rnd;16;Exponentially_Dispersion_Based_Parallel;EDB;100.390.625;4983.75;0.41022504892367906;0.4029680365296804;0.40637230919765166;137;109;118.75;5;4;4.5;132;132;114.25;4
delaunay_n12.graph;4096;12264;.rnd;16;Balance_Big_Dispersion_Based_Parallel;BBDB;100.390.625;5002.75;0.41275277234181346;0.4042726679712981;0.4079215590345727;282;268;276.0;9;4;6.5;275;275;269.5;4
delaunay_n12.graph;4096;12264;.rnd;16;Unweighted_Dispersion_Predict;UD;1.0;3562.25;0.30520221787345075;0.27690802348336596;0.29046395955642534;85523;82267;83424.0;15;13;13.5;85510;85510;83410.5;4
delaunay_n12.graph;4096;12264;.rnd;16;Linear_Dispersion_Predict;LD;1.0;6071.75;0.5115786040443575;0.48760600130463144;0.4950872472276582;76829;75143;75769.25;20;13;15.25;76816;76816;75754.0;4
delaunay_n12.graph;4096;12264;.rnd;16;Exponentially_Dispersion_Predict;ED;1.0;4029.25;0.33887801696020875;0.31800391389432486;0.3285428897586432;84389;82734;83693.5;16;12;13.25;84377;84377;83680.25;4
delaunay_n12.graph;4096;12264;.rnd;16;Unweighted_Index_With_Dispersion;UIWD;1.0;4980.25;0.4095727332028702;0.40313111545988256;0.40608692106979777;133;117;124.75;16;5;8.5;122;122;116.25;4
delaunay_n12.graph;4096;12264;.rnd;16;Linear_Index_With_Dispersion;LIWD;1.0;4970.5;0.4089204174820613;0.40174494455316373;0.405291911285062;121;117;118.75;11;5;7.0;116;116;111.75;4
delaunay_n12.graph;4096;12264;.rnd;16;Exponentially_Index_With_Dispersion;EIWD;1.0;4981.0;0.41112198303979125;0.4024787997390737;0.4061480756686236;122;119;120.0;7;3;4.5;118;118;115.5;4
delaunay_n12.graph;4096;12264;.rnd;16;STC;S;1.0;4946.75;0.40826810176125244;0.399706457925636;0.4033553489889106;173;160;167.0;6;4;4.75;168;168;162.25;4
delaunay_n12.graph;4096;12264;.rnd;16;Linear_STC;LS;1.0;4946.0;0.40826810176125244;0.4005218525766471;0.4032941943900848;207;167;181.25;6;4;4.75;203;203;176.5;4
delaunay_n12.graph;4096;12264;.rnd;16;Exponentially_STC;ES;1.0;4948.25;0.40818656229615136;0.4003587736464449;0.4034776581865623;184;168;177.0;11;4;6.75;177;177;170.25;4
delaunay_n12.graph;4096;12264;.rnd;32;Hashing;H;1.0;11893.25;0.971542726679713;0.9676288323548597;0.9697692433137639;27;14;19.0;5;2;3.5;23;23;15.5;4
delaunay_n12.graph;4096;12264;.rnd;32;Unweighted_Deterministic_Greedy_Parallel;UDG;10.078.125;5128.75;0.42253750815394653;0.41340508806262233;0.4181955316373125;197;184;191.75;12;6;7.75;190;190;184.0;4
delaunay_n12.graph;4096;12264;.rnd;32;Linear_Deterministic_Greedy_Parallel;LDG;1.0;5190.5;0.4280006523157208;0.41829745596868884;0.4232305936073059;196;182;187.75;8;6;6.5;190;190;181.25;4
delaunay_n12.graph;4096;12264;.rnd;32;Exponentially_Deterministic_Greedy_Parallel;EDG;1.0;5177.0;0.4266960208741031;0.4178082191780822;0.422129810828441;199;190;193.25;8;4;5.25;194;194;188.0;4
delaunay_n12.graph;4096;12264;.rnd;32;Unweighted_Randomized_Greedy_Parallel;URG;10.078.125;6814.5;0.5605022831050228;0.5521037181996086;0.5556506849315068;318;291;308.25;10;6;7.5;312;312;300.75;4
delaunay_n12.graph;4096;12264;.rnd;32;Linear_Randomized_Greedy_Parallel;LRG;1.0;6842.75;0.5636823222439661;0.5551206784083497;0.5579541748206132;323;315;319.0;9;6;7.5;316;316;311.5;4
delaunay_n12.graph;4096;12264;.rnd;32;Exponentially_Randomized_Greedy_Parallel;ERG;1.0;6842.75;0.5636823222439661;0.5551206784083497;0.5579541748206132;323;315;318.25;7;2;4.75;316;316;313.5;4
delaunay_n12.graph;4096;12264;.rnd;32;Unweighted_Triangles_Parallel;UT;10.078.125;11176.0;0.917726679712981;0.9023972602739726;0.9112850619699935;197;191;193.75;8;4;5.5;193;193;188.25;4
delaunay_n12.graph;4096;12264;.rnd;32;Linear_Triangles_Parallel;LT;1.0;11184.0;0.9178082191780822;0.9036203522504892;0.9119373776908023;200;189;195.25;7;3;5.0;195;195;190.25;4
delaunay_n12.graph;4096;12264;.rnd;32;Exponentially_Triangles_Parallel;ET;1.0;11184.0;0.9178082191780822;0.9036203522504892;0.9119373776908023;199;191;194.0;7;3;4.5;195;195;189.5;4
delaunay_n12.graph;4096;12264;.rnd;32;Balance_Big_Parallel;BB;1.0;5209.5;0.42824527071102414;0.4203359425962166;0.42477984344422703;339;332;334.0;11;6;7.25;333;333;326.75;4
delaunay_n12.graph;4096;12264;.rnd;32;Unweighted_Dispersion_Based_Parallel;UDB;10.078.125;5195.5;0.4277560339204175;0.4195205479452055;0.42363829093281147;197;118;137.75;8;4;6.0;191;191;131.75;4
delaunay_n12.graph;4096;12264;.rnd;32;Linear_Dispersion_Based_Parallel;LDB;10.078.125;5217.5;0.4300391389432485;0.4197651663405088;0.42543215916503585;128;109;117.75;8;4;6.0;120;120;111.75;4
delaunay_n12.graph;4096;12264;.rnd;32;Exponentially_Dispersion_Based_Parallel;EDB;10.078.125;5211.0;0.4300391389432485;0.4204174820613177;0.4249021526418787;125;115;119.0;4;3;3.75;121;121;115.25;4
delaunay_n12.graph;4096;12264;.rnd;32;Balance_Big_Dispersion_Based_Parallel;BBDB;10.078.125;5243.25;0.428897586431833;0.42645140247879976;0.42753180039138944;292;281;284.25;10;3;6.75;289;289;277.5;4
delaunay_n12.graph;4096;12264;.rnd;32;Unweighted_Dispersion_Predict;UD;1.0;4139.0;0.34548271363339855;0.33096868884540115;0.33749184605348986;183899;177216;179898.75;28;13;19.25;183885;183885;179879.5;4
delaunay_n12.graph;4096;12264;.rnd;32;Linear_Dispersion_Predict;LD;1.0;7244.5;0.6097521200260926;0.5669439008480104;0.5907126549249837;170231;161053;164231.0;22;14;16.75;170214;170214;164214.25;4
delaunay_n12.graph;4096;12264;.rnd;32;Exponentially_Dispersion_Predict;ED;1.0;4929.5;0.41389432485322897;0.3917971298108284;0.4019487932159165;175760;170644;173387.0;28;15;21.25;175745;175745;173365.75;4
delaunay_n12.graph;4096;12264;.rnd;32;Unweighted_Index_With_Dispersion;UIWD;1.0;5193.5;0.43028375733855184;0.4189497716894977;0.42347521200260924;160;123;133.25;10;4;6.25;154;154;127.0;4
delaunay_n12.graph;4096;12264;.rnd;32;Linear_Index_With_Dispersion;LIWD;1.0;5198.5;0.4278375733855186;0.42000978473581213;0.4238829093281148;151;120;132.75;8;3;5.5;148;148;127.25;4
delaunay_n12.graph;4096;12264;.rnd;32;Exponentially_Index_With_Dispersion;EIWD;1.0;5201.25;0.4297129810828441;0.41764514024787996;0.42410714285714285;155;120;136.5;6;3;5.0;152;152;131.5;4
delaunay_n12.graph;4096;12264;.rnd;32;STC;S;1.0;5178.0;0.4279191128506197;0.4160143509458578;0.42221135029354206;240;214;222.5;8;6;6.75;232;232;215.75;4
delaunay_n12.graph;4096;12264;.rnd;32;Linear_STC;LS;1.0;5173.5;0.4260437051532942;0.41617742987606;0.4218444227005871;305;213;239.25;8;5;6.25;299;299;233.0;4
delaunay_n12.graph;4096;12264;.rnd;32;Exponentially_STC;ES;1.0;5178.0;0.4279191128506197;0.4160143509458578;0.42221135029354206;228;220;225.0;6;4;5.0;224;224;220.0;4
delaunay_n12.graph;4096;12264;.rnd;64;Hashing;H;1.0;12075.5;0.9854044357469015;0.9832844096542727;0.984629810828441;15;14;14.5;5;3;3.5;12;12;11.0;4
delaunay_n12.graph;4096;12264;.rnd;64;Unweighted_Deterministic_Greedy_Parallel;UDG;1.015.625;5310.25;0.4372146118721461;0.43020221787345075;0.43299494455316373;231;211;219.5;10;2;6.75;229;229;212.75;4
delaunay_n12.graph;4096;12264;.rnd;64;Linear_Deterministic_Greedy_Parallel;LDG;1.0;5421.75;0.4461839530332681;0.4383561643835616;0.44208659491193736;229;215;222.0;7;4;6.25;222;222;215.75;4
delaunay_n12.graph;4096;12264;.rnd;64;Exponentially_Deterministic_Greedy_Parallel;EDG;1.0;5405.75;0.44561317677756035;0.43729615133724725;0.4407819634703196;226;218;221.5;9;3;7.0;223;223;214.5;4
delaunay_n12.graph;4096;12264;.rnd;64;Unweighted_Randomized_Greedy_Parallel;URG;1.015.625;6965.0;0.5768101761252447;0.5605022831050228;0.5679223744292238;400;378;386.25;8;4;6.0;394;394;380.25;4
delaunay_n12.graph;4096;12264;.rnd;64;Linear_Randomized_Greedy_Parallel;LRG;1.0;7018.5;0.5810502283105022;0.5657208088714938;0.572284735812133;420;400;406.25;9;4;6.0;415;415;400.25;4
delaunay_n12.graph;4096;12264;.rnd;64;Exponentially_Randomized_Greedy_Parallel;ERG;1.0;7018.5;0.5810502283105022;0.5657208088714938;0.572284735812133;410;395;402.25;9;5;6.5;404;404;395.75;4
delaunay_n12.graph;4096;12264;.rnd;64;Unweighted_Triangles_Parallel;UT;1.015.625;11690.0;0.957273320287019;0.9509947814742336;0.9531963470319635;222;215;219.75;9;2;5.5;218;218;214.25;4
delaunay_n12.graph;4096;12264;.rnd;64;Linear_Triangles_Parallel;LT;1.0;11700.25;0.9580071754729289;0.9514840182648402;0.9540321265492498;223;217;220.25;6;4;5.25;218;218;215.0;4
delaunay_n12.graph;4096;12264;.rnd;64;Exponentially_Triangles_Parallel;ET;1.0;11700.25;0.9580071754729289;0.9514840182648402;0.9540321265492498;234;221;227.0;7;5;6.5;227;227;220.5;4
delaunay_n12.graph;4096;12264;.rnd;64;Balance_Big_Parallel;BB;1.0;5398.5;0.44275929549902154;0.43419765166340507;0.44019080234833663;379;357;363.0;13;6;8.0;366;366;355.0;4
delaunay_n12.graph;4096;12264;.rnd;64;Unweighted_Dispersion_Based_Parallel;UDB;1.015.625;5368.0;0.440883887801696;0.43419765166340507;0.43770384866275275;166;119;132.75;6;4;5.25;162;162;127.5;4
delaunay_n12.graph;4096;12264;.rnd;64;Linear_Dispersion_Based_Parallel;LDB;1.015.625;5400.0;0.44667318982387477;0.43623613829093283;0.4403131115459883;156;126;137.5;15;4;8.5;141;141;129.0;4
delaunay_n12.graph;4096;12264;.rnd;64;Exponentially_Dispersion_Based_Parallel;EDB;1.015.625;5379.75;0.44398238747553814;0.43305609915198956;0.43866193737769077;181;127;147.0;7;3;4.5;178;178;142.5;4
delaunay_n12.graph;4096;12264;.rnd;64;Balance_Big_Dispersion_Based_Parallel;BBDB;1.015.625;5404.75;0.4460208741030659;0.43737769080234834;0.4407004240052185;319;303;310.25;6;3;4.5;316;316;305.75;4
delaunay_n12.graph;4096;12264;.rnd;64;Unweighted_Dispersion_Predict;UD;1.0;4788.5;0.39856490541422046;0.3852739726027397;0.3904517286366601;355493;344691;349243.75;35;20;25.25;355472;355472;349218.5;4
delaunay_n12.graph;4096;12264;.rnd;64;Linear_Dispersion_Predict;LD;1.0;8349.25;0.6948793215916503;0.6596542726679713;0.6807933789954338;294627;280105;285225.5;22;12;19.25;294606;294606;285206.25;4
delaunay_n12.graph;4096;12264;.rnd;64;Exponentially_Dispersion_Predict;ED;1.0;6012.5;0.5058708414872799;0.47757664709719505;0.4902560339204175;335018;325018;330273.5;18;12;15.5;335003;335003;330258.0;4
delaunay_n12.graph;4096;12264;.rnd;64;Unweighted_Index_With_Dispersion;UIWD;1.0;5448.75;0.45017938682322245;0.44137312459230266;0.44428816046966735;167;127;138.75;8;5;6.5;162;162;132.25;4
delaunay_n12.graph;4096;12264;.rnd;64;Linear_Index_With_Dispersion;LIWD;1.0;5424.25;0.44879321591650356;0.4381115459882583;0.44229044357469016;129;126;127.25;8;4;5.25;125;125;122.0;4
delaunay_n12.graph;4096;12264;.rnd;64;Exponentially_Index_With_Dispersion;EIWD;1.0;5415.0;0.4451239399869537;0.438600782778865;0.4415362035225049;146;128;136.25;6;3;4.75;140;140;131.5;4
delaunay_n12.graph;4096;12264;.rnd;64;STC;S;1.0;5407.0;0.4445531637312459;0.437866927592955;0.440883887801696;285;279;281.75;9;3;6.25;279;279;275.5;4
delaunay_n12.graph;4096;12264;.rnd;64;Linear_STC;LS;1.0;5407.75;0.4455316373124592;0.4359915198956295;0.44094504240052185;304;280;291.25;9;3;6.75;295;295;284.5;4
delaunay_n12.graph;4096;12264;.rnd;64;Exponentially_STC;ES;1.0;5405.0;0.4443900848010437;0.4377853881278539;0.4407208088714938;303;273;283.5;17;3;7.75;286;286;275.75;4
delaunay_n12.graph;4096;12264;.rnd;128;Hashing;H;1.0;12174.25;0.9931506849315068;0.9924168297455969;0.9926818330071755;16;14;14.5;3;2;2.75;13;13;11.75;4
delaunay_n12.graph;4096;12264;.rnd;128;Unweighted_Deterministic_Greedy_Parallel;UDG;103.125;5442.5;0.4472439660795825;0.440883887801696;0.4437785388127854;270;260;263.75;6;4;4.5;266;266;259.25;4
delaunay_n12.graph;4096;12264;.rnd;128;Linear_Deterministic_Greedy_Parallel;LDG;1.0;5635.5;0.4637149380300065;0.45556099151989565;0.45951565557729945;273;263;267.25;4;3;3.75;269;269;263.5;4
delaunay_n12.graph;4096;12264;.rnd;128;Exponentially_Deterministic_Greedy_Parallel;EDG;1.0;5637.0;0.46306262230919765;0.4562133072407045;0.45963796477495106;276;270;272.75;6;3;4.25;273;273;268.5;4
delaunay_n12.graph;4096;12264;.rnd;128;Unweighted_Randomized_Greedy_Parallel;URG;103.125;6966.0;0.5746901500326158;0.559849967384214;0.5680039138943249;482;470;475.75;11;5;7.25;475;475;468.5;4
delaunay_n12.graph;4096;12264;.rnd;128;Linear_Randomized_Greedy_Parallel;LRG;1.0;7096.5;0.5856164383561644;0.5724885844748858;0.5786448140900196;522;496;513.0;10;3;6.0;518;518;507.0;4
delaunay_n12.graph;4096;12264;.rnd;128;Exponentially_Randomized_Greedy_Parallel;ERG;1.0;7096.5;0.5856164383561644;0.5724885844748858;0.5786448140900196;567;505;529.75;10;5;8.0;559;559;521.75;4
delaunay_n12.graph;4096;12264;.rnd;128;Unweighted_Triangles_Parallel;UT;103.125;11981.0;0.980593607305936;0.9748043052837574;0.9769243313763862;286;264;272.5;13;3;7.25;273;273;265.25;4
delaunay_n12.graph;4096;12264;.rnd;128;Linear_Triangles_Parallel;LT;1.0;11988.0;0.9803489889106327;0.9755381604696673;0.9774951076320939;369;264;296.0;7;5;6.0;362;362;290.0;4
delaunay_n12.graph;4096;12264;.rnd;128;Exponentially_Triangles_Parallel;ET;1.0;11988.0;0.9803489889106327;0.9755381604696673;0.9774951076320939;292;269;282.0;8;6;6.5;284;284;275.5;4
delaunay_n12.graph;4096;12264;.rnd;128;Balance_Big_Parallel;BB;1.0;5622.0;0.46102413568166994;0.4540932811480757;0.45841487279843446;427;413;418.75;9;5;6.75;418;418;412.0;4
delaunay_n12.graph;4096;12264;.rnd;128;Unweighted_Dispersion_Based_Parallel;UDB;103.125;5516.25;0.4515655577299413;0.4479778212654925;0.44979207436399216;134;129;132.0;8;4;5.5;128;128;126.5;4
delaunay_n12.graph;4096;12264;.rnd;128;Linear_Dispersion_Based_Parallel;LDB;103.125;5563.25;0.45678408349641225;0.45026092628832354;0.4536244292237443;148;139;144.5;8;5;6.75;143;143;137.75;4
delaunay_n12.graph;4096;12264;.rnd;128;Exponentially_Dispersion_Based_Parallel;EDB;103.125;5542.75;0.4549086757990868;0.44960861056751467;0.4519528701891716;140;131;134.25;5;3;4.5;135;135;129.75;4
delaunay_n12.graph;4096;12264;.rnd;128;Balance_Big_Dispersion_Based_Parallel;BBDB;103.125;5567.75;0.45564253098499674;0.4508317025440313;0.4539913568166993;327;295;308.75;8;3;5.0;324;324;303.75;4
delaunay_n12.graph;4096;12264;.rnd;128;Unweighted_Dispersion_Predict;UD;1.0;5482.75;0.45817025440313114;0.4315068493150685;0.447060502283105;632555;577152;606191.0;26;20;22.75;632529;632529;606168.25;4
delaunay_n12.graph;4096;12264;.rnd;128;Linear_Dispersion_Predict;LD;1.0;9360.25;0.7663078930202218;0.7553816046966731;0.7632297782126549;549808;513307;532474.75;26;18;23.0;549783;549783;532451.75;4
delaunay_n12.graph;4096;12264;.rnd;128;Exponentially_Dispersion_Predict;ED;1.0;7566.75;0.636252446183953;0.6002120026092629;0.616988747553816;614605;550703;579281.75;29;20;25.75;614577;614577;579256.0;4
delaunay_n12.graph;4096;12264;.rnd;128;Unweighted_Index_With_Dispersion;UIWD;1.0;5708.5;0.4664057403783431;0.46363339856490543;0.4654680365296804;143;135;138.75;9;4;6.25;135;135;132.5;4
delaunay_n12.graph;4096;12264;.rnd;128;Linear_Index_With_Dispersion;LIWD;1.0;5628.0;0.4628995433789954;0.4542563600782779;0.4589041095890411;191;141;156.0;5;3;4.0;186;186;152.0;4
delaunay_n12.graph;4096;12264;.rnd;128;Exponentially_Index_With_Dispersion;EIWD;1.0;5684.0;0.4671395955642531;0.4577625570776256;0.4634703196347032;205;133;154.0;6;5;5.5;200;200;148.5;4
delaunay_n12.graph;4096;12264;.rnd;128;STC;S;1.0;5656.25;0.466324200913242;0.4571102413568167;0.46120759947814743;426;366;386.5;6;4;5.25;421;421;381.25;4
delaunay_n12.graph;4096;12264;.rnd;128;Linear_STC;LS;1.0;5614.5;0.46208414872798437;0.45482713633398564;0.4578033268101761;400;345;381.5;8;3;5.0;396;396;376.5;4
delaunay_n12.graph;4096;12264;.rnd;128;Exponentially_STC;ES;1.0;5654.25;0.46591650358773645;0.4568656229615134;0.4610445205479452;392;371;382.75;15;4;7.75;387;387;375.0;4
